0,nospec_no_specifier_test,1558748027,0
1,nospec_empty_string,1558748027,0
2,nospec_some_escaped_chars,1558748027,0
3,nospec_successive_5_5,1558748027,0
4,nospec_successive_2_9,1558748027,0
5,nospec_successive_8_3,1558748027,0
6,pct_basic,1558749838,1558748638
7,pct_5w,1558749838,1558748638
8,pct_5wlj,1558749838,1558748638
9,pct_5wzp,1558749838,1558748638
10,pct_5wljzp,1558749838,1558748638
16,s_basic_string_expansion,1558748027,0
17,s_only_string_expansion,1558748027,0
18,s_two_string_expansions,1558748027,0
19,s_two_string_expansions2,1558748027,0
20,s_empty_string_expansion,1558748027,0
21,s_full_then_empty_string,1558748027,0
22,s_empty_then_full_string,1558748027,0
23,s_three_strings,1558748027,0
24,s_space_padded_field_width,0,1558748027
25,s_space_padded_field_width2,0,1558748027
26,s_space_padded_over_field_width,1558748027,0
27,s_space_padded_field_width_lj,0,1558748027
28,s_space_padded_field_width2_lj,0,1558748027
29,s_space_padded_over_field_width_lj,1558748027,0
30,s_string_prec_notrunc,1558748027,0
31,s_string_prec_trunc,0,1558748027
32,s_string_prec_default,0,1558748027
33,s_string_prec_zero,0,1558748027
34,s_two_strings_prec_2trunc,0,1558748027
35,s_two_strings_prec_1trunc_a,0,1558748027
36,s_two_strings_prec_1trunc_b,0,1558748027
37,s_two_strings_prec_0trunc,0,1558748027
38,s_string_prec_width_notrunc,0,1558748027
39,s_string_prec_width_trunc,0,1558748027
40,s_string_prec_width_notrunc_lj,0,1558748027
41,s_string_prec_width_trunc_lj,0,1558748027
42,s_two_s_prec_width_2fit_0trunc,0,1558748027
43,s_two_s_prec_width_1fit_a_0trunc,0,1558748027
44,s_two_s_prec_width_1fit_b_0trunc,0,1558748027
45,s_two_s_prec_width_0fit_0trunc,1558748027,0
46,s_two_s_prec_width_2fit_1trunc_a,0,1558748027
47,s_two_s_prec_width_1fit_a_1trunc_a,0,1558748027
48,s_two_s_prec_width_1fit_b_1trunc_a,0,1558748027
49,s_two_s_prec_width_0fit_1trunc_a,0,1558748027
50,s_two_s_prec_width_2fit_1trunc_b,0,1558748027
51,s_two_s_prec_width_1fit_a_1trunc_b,0,1558748027
52,s_two_s_prec_width_1fit_b_1trunc_b,0,1558748027
53,s_two_s_prec_width_0fit_1trunc_b,0,1558748027
54,s_two_s_prec_width_2fit_2trunc,0,1558748027
55,s_two_s_prec_width_1fit_a_2trunc,0,1558748027
56,s_two_s_prec_width_1fit_b_2trunc,0,1558748027
57,s_two_s_prec_width_0fit_2trunc,0,1558748027
58,s_two_s_prec_width_2trunc,1558748027,0
59,s_two_strings_lj_and_rj,0,1558748027
60,s_two_strings_rj_and_lj,0,1558748027
61,s_null_basic_string_expansion,1558748027,0
62,s_null_only_string_expansion,1558748027,0
63,s_null_space_padded_field_width,0,1558748027
64,s_null_space_padded_over_field_width,1558748027,0
65,s_null_space_padded_field_width_lj,0,1558748027
66,s_null_space_padded_field_width2_lj,0,1558748027
67,s_null_space_padded_over_field_width_lj,1558748027,0
68,s_null_string_prec_notrunc,1558748027,0
69,s_null_string_prec_trunc,0,1558748027
70,s_null_string_prec_default,0,1558748027
71,s_null_string_prec_zero,0,1558748027
72,i_basic_i_pos,1558748027,0
73,i_basic_i_neg,1558748027,0
74,i_basic_i_zero,1558748027,0
75,i_basic_i_onlypos,1558748027,0
76,i_basic_i_onlyneg,1558748027,0
77,i_basic_i_onlyzero,1558748027,0
78,d_basic_pos,1558748027,0
79,d_basic_neg,1558748027,0
80,d_basic_zero,1558748027,0
81,i_intmax,1558748027,0
82,i_intmin,1558748027,0
83,i_allsign_pos,1558748027,0
84,i_allsign_neg,1558748027,0
85,i_intmax_allsign,1558748027,0
86,i_width_pos_fits,1558748027,0
87,i_width_neg_fits,0,1558748027
88,i_width_zero_fits,1558748027,0
89,i_width_pos_exactfit,1558748027,0
90,i_width_neg_exactfit,1558748027,0
91,i_width_pos_nofit,1558748027,0
92,i_width_neg_nofit,1558748027,0
93,i_width_pos_fits_lj,1558748027,0
94,i_width_neg_fits_lj,1558748027,0
95,i_width_zero_fits_lj,1558748027,0
96,i_width_pos_exactfit_lj,1558748027,0
97,i_width_neg_exactfit_lj,1558748027,0
98,i_width_pos_nofit_lj,1558748027,0
99,i_width_neg_nofit_lj,1558748027,0
100,i_width_allsign_pos,0,1558748027
101,i_width_allsign_zero,0,1558748027
102,i_width_intmax_allsign,0,1558748027
103,i_prec_fits_pos,1558748027,0
104,i_prec_fits_neg,1558748027,0
105,i_prec_fits_zero,1558748027,0
106,i_prec_exactfit_pos,1558748027,0
107,i_prec_exactfit_neg,1558748027,0
108,i_prec_nofit_pos,1558748027,0
109,i_prec_nofit_neg,1558748027,0
110,i_prec_allsign_pos,1558748027,0
111,i_prec_allsign_neg,1558748027,0
112,i_prec_allsign_pos_nofit,1558748027,0
113,i_zpad_pos_fits,1558748027,0
114,i_zpad_neg_fits,1558748027,0
115,i_zpad_zero_fits,1558748027,0
116,i_zpad_pos_exactfit,1558748027,0
117,i_zpad_neg_exactfit,1558748027,0
118,i_zpad_neg_minus1fit,1558748027,0
119,i_zpad_allsign_fits,1558748027,0
120,i_zpad_allsign_zero,1558748027,0
121,i_prec_width_fit_fit_pos,1558748027,0
122,i_prec_width_fit_fit_neg,0,1558748027
123,i_prec_width_fit_fit_zero,1558748027,0
124,i_prec_width_nofit_fit_pos,1558748027,0
125,i_prec_width_nofit_fit_neg,0,1558748027
126,i_prec_width_fit_nofit_pos,1558748027,0
127,i_prec_width_fit_nofit_neg,1558748027,0
128,i_prec_width_nofit_nofit_pos,1558748027,0
129,i_prec_width_nofit_nofit_neg,1558748027,0
130,i_prec_width_fit_fit_pos_lj,1558748027,0
131,i_prec_width_fit_fit_neg_lj,1558748027,0
132,i_prec_width_fit_fit_zero_lj,1558748027,0
133,i_prec_width_nofit_fit_pos_lj,1558748027,0
134,i_prec_width_nofit_fit_neg_lj,1558748027,0
135,i_prec_width_fit_nofit_pos_lj,1558748027,0
136,i_prec_width_fit_nofit_neg_lj,1558748027,0
137,i_prec_width_nofit_nofit_pos_lj,1558748027,0
138,i_prec_width_nofit_nofit_neg_lj,1558748027,0
139,i_prec_width_fit_fit_pos_allsign,0,1558748027
140,i_prec_width_fit_fit_neg_allsign,0,1558748027
141,i_prec_width_fit_fit_zero_allsign,0,1558748027
142,i_prec_width_nofit_fit_pos_allsign,0,1558748027
143,i_prec_width_nofit_fit_neg_allsign,0,1558748027
144,i_prec_width_fit_nofit_pos_allsign,1558748027,0
145,i_prec_width_fit_nofit_neg_allsign,1558748027,0
146,i_prec_width_nofit_nofit_pos_allsign,1558748027,0
147,i_prec_width_nofit_nofit_neg_allsign,1558748027,0
148,i_prec_width_fit_fit_pos_lj_allsign,1558748027,0
149,i_prec_width_fit_fit_neg_lj_allsign,1558748027,0
150,i_prec_width_fit_fit_zero_lj_allsign,1558748027,0
151,i_prec_width_nofit_fit_pos_lj_allsign,1558748027,0
152,i_prec_width_nofit_fit_neg_lj_allsign,1558748027,0
153,i_prec_width_fit_nofit_pos_lj_allsign,1558748027,0
154,i_prec_width_fit_nofit_neg_lj_allsign,1558748027,0
155,i_prec_width_nofit_nofit_pos_lj_allsign,1558748027,0
156,i_prec_width_nofit_nofit_neg_lj_allsign,1558748027,0
157,i_prec_width_ff_pos_zpad,0,1558748027
158,i_prec_width_ff_neg_zpad,0,1558748027
159,i_prec_width_ff_zero_zpad,0,1558748027
160,i_prec_width_nf_pos_zpad,0,1558748027
161,i_prec_width_nf_neg_zpad,0,1558748027
162,i_prec_width_fn_pos_zpad,1558748027,0
163,i_prec_width_fn_neg_zpad,1558748027,0
164,i_prec_width_nn_pos_zpad,1558748027,0
165,i_prec_width_nn_neg_zpad,1558748027,0
166,i_prec_width_ff_pos_lj_zpad,1558748027,0
167,i_prec_width_ff_neg_lj_zpad,1558748027,0
168,i_prec_width_ff_zero_lj_zpad,1558748027,0
169,i_prec_width_nf_pos_lj_zpad,1558748027,0
170,i_prec_width_nf_neg_lj_zpad,1558748027,0
171,i_prec_width_fn_pos_lj_zpad,1558748027,0
172,i_prec_width_fn_neg_lj_zpad,1558748027,0
173,i_prec_width_nn_pos_lj_zpad,1558748027,0
174,i_prec_width_nn_neg_lj_zpad,1558748027,0
175,i_prec_width_ff_pos_allsign_zpad,0,1558748027
176,i_prec_width_ff_neg_allsign_zpad,0,1558748027
177,i_prec_width_ff_zero_allsign_zpad,0,1558748027
178,i_prec_width_nf_pos_allsign_zpad,0,1558748027
179,i_prec_width_nf_neg_allsign_zpad,0,1558748027
180,i_prec_width_fn_pos_allsign_zpad,1558748027,0
181,i_prec_width_fn_neg_allsign_zpad,1558748027,0
182,i_prec_width_nn_pos_allsign_zpad,1558748027,0
183,i_prec_width_nn_neg_allsign_zpad,1558748027,0
184,i_prec_width_ff_pos_lj_allsign_zpad,1558748027,0
185,i_prec_width_ff_neg_lj_allsign_zpad,1558748027,0
186,i_prec_width_ff_zero_lj_allsign_zpad,1558748027,0
187,i_prec_width_nf_pos_lj_allsign_zpad,1558748027,0
188,i_prec_width_nf_neg_lj_allsign_zpad,1558748027,0
189,i_prec_width_fn_pos_lj_allsign_zpad,1558748027,0
190,i_prec_width_fn_neg_lj_allsign_zpad,1558748027,0
191,i_prec_width_nn_pos_lj_allsign_zpad,1558748027,0
192,i_prec_width_nn_neg_lj_allsign_zpad,1558748027,0
193,i_size_hh_pos_casted,1558748027,0
194,i_size_hh_neg_casted,1558748027,0
195,i_size_h_pos_casted,1558748027,0
196,i_size_h_neg_casted,1558748027,0
197,i_size_l_pos_casted,1558748027,0
198,i_size_l_neg_casted,1558748027,0
199,i_size_ll_pos_casted,1558748027,0
200,i_size_ll_neg_casted,1558748027,0
201,i_size_hh_pos_ref,1558748027,0
202,i_size_hh_neg_ref,1558748027,0
203,i_size_h_pos_ref,1558748027,0
204,i_size_h_neg_ref,1558748027,0
205,i_size_l_pos_ref,1558748027,0
206,i_size_l_pos_ref_lmax,1558748027,0
207,i_size_ll_pos_ref_llmax,1558748027,0
208,i_size_l_neg_ref,1558748027,0
209,i_size_ll_pos_ref,1558748027,0
210,i_size_ll_neg_ref,1558748027,0
211,i_size_l_pos_big,1558748027,0
212,i_size_l_neg_big,1558748027,0
213,i_size_ll_pos_big,1558748027,0
214,i_size_ll_neg_big,1558748027,0
215,i_llmax,1558748027,0
216,i_llmin,1558748027,0
217,i_lmax,1558748027,0
218,i_lmin,1558748027,0
219,i_hmax,1558748027,0
220,i_hmin,1558748027,0
221,i_hhmax,1558748027,0
222,i_hhmin,1558748027,0
223,i_size_l_pos_big_zpad,1558748027,0
224,i_size_l_neg_big_prec,1558748027,0
225,i_size_ll_pos_big_width,1558748027,0
226,i_size_ll_neg_big_lj,1558748027,0
227,i_size_l_pos_big_allsign,1558748027,0
228,i_size_follows_i_i,1558748027,0
229,i_size_follows_i_l,1558748027,0
230,i_size_follows_i_ll,1558748027,0
231,i_size_follows_i_h,1558748027,0
232,i_size_follows_i_hh,1558748027,0
233,i_size_ll_hh_ll,1558748027,0
234,i_size_h_l_hh,1558748027,0
235,i_size_l_hh_h,1558748027,0
236,i_size_n_ll_hh,1558748027,0
237,i_size_ll_n_l,1558748027,0
238,i_basic_i_pos_sp,0,1558748027
239,i_basic_i_neg_sp,0,1558748027
240,i_basic_i_zero_sp,0,1558748027
241,i_basic_i_onlypos_sp,0,1558748027
242,i_basic_i_onlyneg_sp,0,1558748027
243,i_basic_i_onlyzero_sp,0,1558748027
244,i_basic_i_pos_d_sp,0,1558748027
245,i_basic_i_neg_d_sp,0,1558748027
246,i_basic_i_zero_d_sp,0,1558748027
247,i_intmax_sp,0,1558748027
248,i_intmin_sp,0,1558748027
249,i_allsign_pos_sp,1558748027,0
250,i_allsign_neg_sp,0,1558748027
251,i_intmax_allsign_sp,1558748027,0
252,i_width_pos_fits_sp,1558748027,0
253,i_width_neg_fits_sp,0,1558748027
254,i_width_zero_fits_sp,1558748027,0
255,i_width_pos_exactfit_sp,0,1558748027
256,i_width_neg_exactfit_sp,0,1558748027
257,i_width_pos_nofit_sp,0,1558748027
258,i_width_neg_nofit_sp,0,1558748027
259,i_width_pos_fits_lj_sp,0,1558748027
260,i_width_neg_fits_lj_sp,0,1558748027
261,i_width_zero_fits_lj_sp,0,1558748027
262,i_width_pos_exactfit_lj_sp,0,1558748027
263,i_width_neg_exactfit_lj_sp,0,1558748027
264,i_width_pos_nofit_lj_sp,0,1558748027
265,i_width_neg_nofit_lj_sp,0,1558748027
266,i_width_allsign_pos_sp,0,1558748027
267,i_width_allsign_zero_sp,0,1558748027
268,i_width_intmax_allsign_sp,0,1558748027
269,i_prec_fits_pos_sp,0,1558748027
270,i_prec_fits_neg_sp,0,1558748027
271,i_prec_fits_zero_sp,0,1558748027
272,i_prec_exactfit_pos_sp,0,1558748027
273,i_prec_exactfit_neg_sp,0,1558748027
274,i_prec_nofit_pos_sp,0,1558748027
275,i_prec_nofit_neg_sp,0,1558748027
276,i_prec_allsign_pos_sp,1558748027,0
277,i_prec_allsign_neg_sp,0,1558748027
278,i_prec_allsign_pos_nofit_sp,1558748027,0
279,i_zpad_pos_fits_sp,0,1558748027
280,i_zpad_neg_fits_sp,0,1558748027
281,i_zpad_zero_fits_sp,0,1558748027
282,i_zpad_pos_exactfit_sp,0,1558748027
283,i_zpad_neg_exactfit_sp,0,1558748027
284,i_zpad_neg_minus1fit_sp,0,1558748027
285,i_zpad_allsign_fits_sp,1558748027,0
286,i_zpad_allsign_zero_sp,1558748027,0
287,i_prec_width_fit_fit_pos_sp,1558748027,0
288,i_prec_width_fit_fit_neg_sp,0,1558748027
289,i_prec_width_fit_fit_zero_sp,1558748027,0
290,i_prec_width_nofit_fit_pos_sp,1558748027,0
291,i_prec_width_nofit_fit_neg_sp,0,1558748027
292,i_prec_width_fit_nofit_pos_sp,0,1558748027
293,i_prec_width_fit_nofit_neg_sp,0,1558748027
294,i_prec_width_nofit_nofit_pos_sp,0,1558748027
295,i_prec_width_nofit_nofit_neg_sp,0,1558748027
296,i_prec_width_fit_fit_pos_lj_sp,0,1558748027
297,i_prec_width_fit_fit_neg_lj_sp,0,1558748027
298,i_prec_width_fit_fit_zero_lj_sp,0,1558748027
299,i_prec_width_nofit_fit_pos_lj_sp,0,1558748027
300,i_prec_width_nofit_fit_neg_lj_sp,0,1558748027
301,i_prec_width_fit_nofit_pos_lj_sp,0,1558748027
302,i_prec_width_fit_nofit_neg_lj_sp,0,1558748027
303,i_prec_width_nofit_nofit_pos_lj_sp,0,1558748027
304,i_prec_width_nofit_nofit_neg_lj_sp,0,1558748027
305,i_prec_width_fit_fit_pos_allsign_sp,0,1558748027
306,i_prec_width_fit_fit_neg_allsign_sp,0,1558748027
307,i_prec_width_fit_fit_zero_allsign_sp,0,1558748027
308,i_prec_width_nofit_fit_pos_allsign_sp,0,1558748027
309,i_prec_width_nofit_fit_neg_allsign_sp,0,1558748027
310,i_prec_width_fit_nofit_pos_allsign_sp,1558748027,0
311,i_prec_width_fit_nofit_neg_allsign_sp,0,1558748027
312,i_prec_width_nofit_nofit_pos_allsign_sp,1558748027,0
313,i_prec_width_nofit_nofit_neg_allsign_sp,0,1558748027
314,i_prec_width_fit_fit_pos_lj_allsign_sp,1558748027,0
315,i_prec_width_fit_fit_neg_lj_allsign_sp,0,1558748027
316,i_prec_width_fit_fit_zero_lj_allsign_sp,1558748027,0
317,i_prec_width_nofit_fit_pos_lj_allsign_sp,1558748027,0
318,i_prec_width_nofit_fit_neg_lj_allsign_sp,0,1558748027
319,i_prec_width_fit_nofit_pos_lj_allsign_sp,1558748027,0
320,i_prec_width_fit_nofit_neg_lj_allsign_sp,0,1558748027
321,i_prec_width_nofit_nofit_pos_lj_allsign_sp,1558748027,0
322,i_prec_width_nofit_nofit_neg_lj_allsign_sp,0,1558748027
323,i_prec_width_ff_pos_zpad_sp,0,1558748027
324,i_prec_width_ff_neg_zpad_sp,0,1558748027
325,i_prec_width_ff_zero_zpad_sp,0,1558748027
326,i_prec_width_nf_pos_zpad_sp,0,1558748027
327,i_prec_width_nf_neg_zpad_sp,0,1558748027
328,i_prec_width_fn_pos_zpad_sp,0,1558748027
329,i_prec_width_fn_neg_zpad_sp,0,1558748027
330,i_prec_width_nn_pos_zpad_sp,0,1558748027
331,i_prec_width_nn_neg_zpad_sp,0,1558748027
332,i_prec_width_ff_pos_lj_zpad_sp,0,1558748027
333,i_prec_width_ff_neg_lj_zpad_sp,0,1558748027
334,i_prec_width_ff_zero_lj_zpad_sp,0,1558748027
335,i_prec_width_nf_pos_lj_zpad_sp,0,1558748027
336,i_prec_width_nf_neg_lj_zpad_sp,0,1558748027
337,i_prec_width_fn_pos_lj_zpad_sp,0,1558748027
338,i_prec_width_fn_neg_lj_zpad_sp,0,1558748027
339,i_prec_width_nn_pos_lj_zpad_sp,0,1558748027
340,i_prec_width_nn_neg_lj_zpad_sp,0,1558748027
341,i_prec_width_ff_pos_allsign_zpad_sp,0,1558748027
342,i_prec_width_ff_neg_allsign_zpad_sp,0,1558748027
343,i_prec_width_ff_zero_allsign_zpad_sp,0,1558748027
344,i_prec_width_nf_pos_allsign_zpad_sp,0,1558748027
345,i_prec_width_nf_neg_allsign_zpad_sp,0,1558748027
346,i_prec_width_fn_pos_allsign_zpad_sp,1558748027,0
347,i_prec_width_fn_neg_allsign_zpad_sp,0,1558748027
348,i_prec_width_nn_pos_allsign_zpad_sp,1558748027,0
349,i_prec_width_nn_neg_allsign_zpad_sp,0,1558748027
350,i_prec_width_ff_pos_lj_allsign_zpad_sp,1558748027,0
351,i_prec_width_ff_neg_lj_allsign_zpad_sp,0,1558748027
352,i_prec_width_ff_zero_lj_allsign_zpad_sp,1558748027,0
353,i_prec_width_nf_pos_lj_allsign_zpad_sp,1558748027,0
354,i_prec_width_nf_neg_lj_allsign_zpad_sp,0,1558748027
355,i_prec_width_fn_pos_lj_allsign_zpad_sp,1558748027,0
356,i_prec_width_fn_neg_lj_allsign_zpad_sp,0,1558748027
357,i_prec_width_nn_pos_lj_allsign_zpad_sp,1558748027,0
358,i_prec_width_nn_neg_lj_allsign_zpad_sp,0,1558748027
359,i_size_hh_pos_casted_sp,0,1558748027
360,i_size_hh_neg_casted_sp,0,1558748027
361,i_size_h_pos_casted_sp,0,1558748027
362,i_size_h_neg_casted_sp,0,1558748027
363,i_size_l_pos_casted_sp,0,1558748027
364,i_size_l_neg_casted_sp,0,1558748027
365,i_size_ll_pos_casted_sp,0,1558748027
366,i_size_ll_neg_casted_sp,0,1558748027
367,i_size_hh_pos_ref_sp,0,1558748027
368,i_size_hh_neg_ref_sp,0,1558748027
369,i_size_h_pos_ref_sp,0,1558748027
370,i_size_h_neg_ref_sp,0,1558748027
371,i_size_l_pos_ref_sp,0,1558748027
372,i_size_l_neg_ref_sp,0,1558748027
373,i_size_ll_pos_ref_sp,0,1558748027
374,i_size_ll_neg_ref_sp,0,1558748027
375,i_size_l_pos_big_sp,0,1558748027
376,i_size_l_neg_big_sp,0,1558748027
377,i_size_ll_pos_big_sp,0,1558748027
378,i_size_ll_neg_big_sp,0,1558748027
379,i_llmax_sp,0,1558748027
380,i_llmin_sp,0,1558748027
381,i_lmax_sp,0,1558748027
382,i_lmin_sp,0,1558748027
383,i_hmax_sp,0,1558748027
384,i_hmin_sp,0,1558748027
385,i_hhmax_sp,0,1558748027
386,i_hhmin_sp,0,1558748027
387,i_prec0val0_basic,0,1558748027
388,i_prec0val0_implicit,0,1558748027
389,i_prec0val0_w,0,1558748027
390,i_prec0val0_w_impl,0,1558748027
391,i_prec0val0_wlj,0,1558748027
392,i_prec0val0_wlj_impl,0,1558748027
393,i_prec0val0_as,0,1558748027
394,i_prec0val0_as_impl,0,1558748027
395,i_prec0val0_was,0,1558748027
396,i_prec0val0_was_impl,0,1558748027
397,i_prec0val0_waslj,0,1558748027
398,i_prec0val0_waslj_impl,0,1558748027
399,i_ftfc_hhdoutofrange1,0,1558748027
400,i_ftfc_hhdoutofrange2,0,1558748027
401,i_ftfc_hdoutofrange1,0,1558748027
402,i_ftfc_hdoutofrange2,0,1558748027
403,d_basic_d_onlypos,1558748027,0
404,d_basic_d_onlyneg,1558748027,0
405,d_basic_d_onlyzero,1558748027,0
406,d_intmax,1558748027,0
407,d_intmin,1558748027,0
408,d_allsign_pos,1558748027,0
409,d_allsign_neg,1558748027,0
410,d_intmax_allsign,1558748027,0
411,d_width_pos_fits,1558748027,0
412,d_width_neg_fits,0,1558748027
413,d_width_zero_fits,1558748027,0
414,d_width_pos_exactfit,1558748027,0
415,d_width_neg_exactfit,1558748027,0
416,d_width_pos_nofit,1558748027,0
417,d_width_neg_nofit,1558748027,0
418,d_width_pos_fits_lj,1558748027,0
419,d_width_neg_fits_lj,1558748027,0
420,d_width_zero_fits_lj,1558748027,0
421,d_width_pos_exactfit_lj,1558748027,0
422,d_width_neg_exactfit_lj,1558748027,0
423,d_width_pos_nofit_lj,1558748027,0
424,d_width_neg_nofit_lj,1558748027,0
425,d_width_allsign_pos,0,1558748027
426,d_width_allsign_zero,0,1558748027
427,d_width_intmax_allsign,0,1558748027
428,d_prec_fits_pos,1558748027,0
429,d_prec_fits_neg,1558748027,0
430,d_prec_fits_zero,1558748027,0
431,d_prec_exactfit_pos,1558748027,0
432,d_prec_exactfit_neg,1558748027,0
433,d_prec_nofit_pos,1558748027,0
434,d_prec_nofit_neg,1558748027,0
435,d_prec_allsign_pos,1558748027,0
436,d_prec_allsign_neg,1558748027,0
437,d_prec_allsign_pos_nofit,1558748027,0
438,d_zpad_pos_fits,1558748027,0
439,d_zpad_neg_fits,1558748027,0
440,d_zpad_zero_fits,1558748027,0
441,d_zpad_pos_exactfit,1558748027,0
442,d_zpad_neg_exactfit,1558748027,0
443,d_zpad_neg_minus1fit,1558748027,0
444,d_zpad_allsign_fits,1558748027,0
445,d_zpad_allsign_zero,1558748027,0
446,d_prec_width_fit_fit_pos,1558748027,0
447,d_prec_width_fit_fit_neg,0,1558748027
448,d_prec_width_fit_fit_zero,1558748027,0
449,d_prec_width_nofit_fit_pos,1558748027,0
450,d_prec_width_nofit_fit_neg,0,1558748027
451,d_prec_width_fit_nofit_pos,1558748027,0
452,d_prec_width_fit_nofit_neg,1558748027,0
453,d_prec_width_nofit_nofit_pos,1558748027,0
454,d_prec_width_nofit_nofit_neg,1558748027,0
455,d_prec_width_fit_fit_pos_lj,1558748027,0
456,d_prec_width_fit_fit_neg_lj,1558748027,0
457,d_prec_width_fit_fit_zero_lj,1558748027,0
458,d_prec_width_nofit_fit_pos_lj,1558748027,0
459,d_prec_width_nofit_fit_neg_lj,1558748027,0
460,d_prec_width_fit_nofit_pos_lj,1558748027,0
461,d_prec_width_fit_nofit_neg_lj,1558748027,0
462,d_prec_width_nofit_nofit_pos_lj,1558748027,0
463,d_prec_width_nofit_nofit_neg_lj,1558748027,0
464,d_prec_width_fit_fit_pos_allsign,0,1558748027
465,d_prec_width_fit_fit_neg_allsign,0,1558748027
466,d_prec_width_fit_fit_zero_allsign,0,1558748027
467,d_prec_width_nofit_fit_pos_allsign,0,1558748027
468,d_prec_width_nofit_fit_neg_allsign,0,1558748027
469,d_prec_width_fit_nofit_pos_allsign,1558748027,0
470,d_prec_width_fit_nofit_neg_allsign,1558748027,0
471,d_prec_width_nofit_nofit_pos_allsign,1558748027,0
472,d_prec_width_nofit_nofit_neg_allsign,1558748027,0
473,d_prec_width_fit_fit_pos_lj_allsign,1558748027,0
474,d_prec_width_fit_fit_neg_lj_allsign,1558748027,0
475,d_prec_width_fit_fit_zero_lj_allsign,1558748027,0
476,d_prec_width_nofit_fit_pos_lj_allsign,1558748027,0
477,d_prec_width_nofit_fit_neg_lj_allsign,1558748027,0
478,d_prec_width_fit_nofit_pos_lj_allsign,1558748027,0
479,d_prec_width_fit_nofit_neg_lj_allsign,1558748027,0
480,d_prec_width_nofit_nofit_pos_lj_allsign,1558748027,0
481,d_prec_width_nofit_nofit_neg_lj_allsign,1558748027,0
482,d_prec_width_ff_pos_zpad,0,1558748027
483,d_prec_width_ff_neg_zpad,0,1558748027
484,d_prec_width_ff_zero_zpad,0,1558748027
485,d_prec_width_nf_pos_zpad,0,1558748027
486,d_prec_width_nf_neg_zpad,0,1558748027
487,d_prec_width_fn_pos_zpad,1558748027,0
488,d_prec_width_fn_neg_zpad,1558748027,0
489,d_prec_width_nn_pos_zpad,1558748027,0
490,d_prec_width_nn_neg_zpad,1558748027,0
491,d_prec_width_ff_pos_lj_zpad,1558748027,0
492,d_prec_width_ff_neg_lj_zpad,1558748027,0
493,d_prec_width_ff_zero_lj_zpad,1558748027,0
494,d_prec_width_nf_pos_lj_zpad,1558748027,0
495,d_prec_width_nf_neg_lj_zpad,1558748027,0
496,d_prec_width_fn_pos_lj_zpad,1558748027,0
497,d_prec_width_fn_neg_lj_zpad,1558748027,0
498,d_prec_width_nn_pos_lj_zpad,1558748027,0
499,d_prec_width_nn_neg_lj_zpad,1558748027,0
500,d_prec_width_ff_pos_allsign_zpad,0,1558748027
501,d_prec_width_ff_neg_allsign_zpad,0,1558748027
502,d_prec_width_ff_zero_allsign_zpad,0,1558748027
503,d_prec_width_nf_pos_allsign_zpad,0,1558748027
504,d_prec_width_nf_neg_allsign_zpad,0,1558748027
505,d_prec_width_fn_pos_allsign_zpad,1558748027,0
506,d_prec_width_fn_neg_allsign_zpad,1558748027,0
507,d_prec_width_nn_pos_allsign_zpad,1558748027,0
508,d_prec_width_nn_neg_allsign_zpad,1558748027,0
509,d_prec_width_ff_pos_lj_allsign_zpad,1558748027,0
510,d_prec_width_ff_neg_lj_allsign_zpad,1558748027,0
511,d_prec_width_ff_zero_lj_allsign_zpad,1558748027,0
512,d_prec_width_nf_pos_lj_allsign_zpad,1558748027,0
513,d_prec_width_nf_neg_lj_allsign_zpad,1558748027,0
514,d_prec_width_fn_pos_lj_allsign_zpad,1558748027,0
515,d_prec_width_fn_neg_lj_allsign_zpad,1558748027,0
516,d_prec_width_nn_pos_lj_allsign_zpad,1558748027,0
517,d_prec_width_nn_neg_lj_allsign_zpad,1558748027,0
518,d_size_hh_pos_casted,1558748027,0
519,d_size_hh_neg_casted,1558748027,0
520,d_size_h_pos_casted,1558748027,0
521,d_size_h_neg_casted,1558748027,0
522,d_size_l_pos_casted,1558748027,0
523,d_size_l_neg_casted,1558748027,0
524,d_size_ll_pos_casted,1558748027,0
525,d_size_ll_neg_casted,1558748027,0
526,d_size_hh_pos_ref,1558748027,0
527,d_size_hh_neg_ref,1558748027,0
528,d_size_h_pos_ref,1558748027,0
529,d_size_h_neg_ref,1558748027,0
530,d_size_l_pos_ref,1558748027,0
531,d_size_l_pos_ref_lmax,1558748027,0
532,d_size_ll_pos_ref_llmax,1558748027,0
533,d_size_l_neg_ref,1558748027,0
534,d_size_ll_pos_ref,1558748027,0
535,d_size_ll_neg_ref,1558748027,0
536,d_size_l_pos_big,1558748027,0
537,d_size_l_neg_big,1558748027,0
538,d_size_ll_pos_big,1558748027,0
539,d_size_ll_neg_big,1558748027,0
540,d_llmax,1558748027,0
541,d_llmin,1558748027,0
542,d_lmax,1558748027,0
543,d_lmin,1558748027,0
544,d_hmax,1558748027,0
545,d_hmin,1558748027,0
546,d_hhmax,1558748027,0
547,d_hhmin,1558748027,0
548,d_ftfc_hhdoutofrange1,0,1558748027
549,d_ftfc_hhdoutofrange2,0,1558748027
550,d_ftfc_hdoutofrange1,0,1558748027
551,d_ftfc_hdoutofrange2,0,1558748027
552,d_size_l_pos_big_zpad,1558748027,0
553,d_size_l_neg_big_prec,1558748027,0
554,d_size_ll_pos_big_width,1558748027,0
555,d_size_ll_neg_big_lj,1558748027,0
556,d_size_l_pos_big_allsign,1558748027,0
557,d_size_follows_d_i,1558748027,0
558,d_size_follows_d_l,1558748027,0
559,d_size_follows_d_ll,1558748027,0
560,d_size_follows_d_h,1558748027,0
561,d_size_follows_d_hh,1558748027,0
562,d_size_ll_hh_ll,1558748027,0
563,d_size_h_l_hh,1558748027,0
564,d_size_l_hh_h,1558748027,0
565,d_size_n_ll_hh,1558748027,0
566,d_size_ll_n_l,1558748027,0
567,d_basic_d_pos_sp,0,1558748027
568,d_basic_d_neg_sp,0,1558748027
569,d_basic_d_zero_sp,0,1558748027
570,d_basic_d_onlypos_sp,0,1558748027
571,d_basic_d_onlyneg_sp,0,1558748027
572,d_basic_d_onlyzero_sp,0,1558748027
573,d_basic_d_pos_d_sp,0,1558748027
574,d_basic_d_neg_d_sp,0,1558748027
575,d_basic_d_zero_d_sp,0,1558748027
576,d_intmax_sp,0,1558748027
577,d_intmin_sp,0,1558748027
578,d_allsign_pos_sp,1558748027,0
579,d_allsign_neg_sp,0,1558748027
580,d_intmax_allsign_sp,1558748027,0
581,d_width_pos_fits_sp,1558748027,0
582,d_width_neg_fits_sp,0,1558748027
583,d_width_zero_fits_sp,1558748027,0
584,d_width_pos_exactfit_sp,0,1558748027
585,d_width_neg_exactfit_sp,0,1558748027
586,d_width_pos_nofit_sp,0,1558748027
587,d_width_neg_nofit_sp,0,1558748027
588,d_width_pos_fits_lj_sp,0,1558748027
589,d_width_neg_fits_lj_sp,0,1558748027
590,d_width_zero_fits_lj_sp,0,1558748027
591,d_width_pos_exactfit_lj_sp,0,1558748027
592,d_width_neg_exactfit_lj_sp,0,1558748027
593,d_width_pos_nofit_lj_sp,0,1558748027
594,d_width_neg_nofit_lj_sp,0,1558748027
595,d_width_allsign_pos_sp,0,1558748027
596,d_width_allsign_zero_sp,0,1558748027
597,d_width_intmax_allsign_sp,0,1558748027
598,d_prec_fits_pos_sp,0,1558748027
599,d_prec_fits_neg_sp,0,1558748027
600,d_prec_fits_zero_sp,0,1558748027
601,d_prec_exactfit_pos_sp,0,1558748027
602,d_prec_exactfit_neg_sp,0,1558748027
603,d_prec_nofit_pos_sp,0,1558748027
604,d_prec_nofit_neg_sp,0,1558748027
605,d_prec_allsign_pos_sp,1558748027,0
606,d_prec_allsign_neg_sp,0,1558748027
607,d_prec_allsign_pos_nofit_sp,1558748027,0
608,d_zpad_pos_fits_sp,0,1558748027
609,d_zpad_neg_fits_sp,0,1558748027
610,d_zpad_zero_fits_sp,0,1558748027
611,d_zpad_pos_exactfit_sp,0,1558748027
612,d_zpad_neg_exactfit_sp,0,1558748027
613,d_zpad_neg_minus1fit_sp,0,1558748027
614,d_zpad_allsign_fits_sp,1558748027,0
615,d_zpad_allsign_zero_sp,1558748027,0
616,d_prec_width_fit_fit_pos_sp,1558748027,0
617,d_prec_width_fit_fit_neg_sp,0,1558748027
618,d_prec_width_fit_fit_zero_sp,1558748027,0
619,d_prec_width_nofit_fit_pos_sp,1558748027,0
620,d_prec_width_nofit_fit_neg_sp,0,1558748027
621,d_prec_width_fit_nofit_pos_sp,0,1558748027
622,d_prec_width_fit_nofit_neg_sp,0,1558748027
623,d_prec_width_nofit_nofit_pos_sp,0,1558748027
624,d_prec_width_nofit_nofit_neg_sp,0,1558748027
625,d_prec_width_fit_fit_pos_lj_sp,0,1558748027
626,d_prec_width_fit_fit_neg_lj_sp,0,1558748027
627,d_prec_width_fit_fit_zero_lj_sp,0,1558748027
628,d_prec_width_nofit_fit_pos_lj_sp,0,1558748027
629,d_prec_width_nofit_fit_neg_lj_sp,0,1558748027
630,d_prec_width_fit_nofit_pos_lj_sp,0,1558748027
631,d_prec_width_fit_nofit_neg_lj_sp,0,1558748027
632,d_prec_width_nofit_nofit_pos_lj_sp,0,1558748027
633,d_prec_width_nofit_nofit_neg_lj_sp,0,1558748027
634,d_prec_width_fit_fit_pos_allsign_sp,0,1558748027
635,d_prec_width_fit_fit_neg_allsign_sp,0,1558748027
636,d_prec_width_fit_fit_zero_allsign_sp,0,1558748027
637,d_prec_width_nofit_fit_pos_allsign_sp,0,1558748027
638,d_prec_width_nofit_fit_neg_allsign_sp,0,1558748027
639,d_prec_width_fit_nofit_pos_allsign_sp,1558748027,0
640,d_prec_width_fit_nofit_neg_allsign_sp,0,1558748027
641,d_prec_width_nofit_nofit_pos_allsign_sp,1558748027,0
642,d_prec_width_nofit_nofit_neg_allsign_sp,0,1558748027
643,d_prec_width_fit_fit_pos_lj_allsign_sp,1558748027,0
644,d_prec_width_fit_fit_neg_lj_allsign_sp,0,1558748027
645,d_prec_width_fit_fit_zero_lj_allsign_sp,1558748027,0
646,d_prec_width_nofit_fit_pos_lj_allsign_sp,1558748027,0
647,d_prec_width_nofit_fit_neg_lj_allsign_sp,0,1558748027
648,d_prec_width_fit_nofit_pos_lj_allsign_sp,1558748027,0
649,d_prec_width_fit_nofit_neg_lj_allsign_sp,0,1558748027
650,d_prec_width_nofit_nofit_pos_lj_allsign_sp,1558748027,0
651,d_prec_width_nofit_nofit_neg_lj_allsign_sp,0,1558748027
652,d_prec_width_ff_pos_zpad_sp,0,1558748027
653,d_prec_width_ff_neg_zpad_sp,0,1558748027
654,d_prec_width_ff_zero_zpad_sp,0,1558748027
655,d_prec_width_nf_pos_zpad_sp,0,1558748027
656,d_prec_width_nf_neg_zpad_sp,0,1558748027
657,d_prec_width_fn_pos_zpad_sp,0,1558748027
658,d_prec_width_fn_neg_zpad_sp,0,1558748027
659,d_prec_width_nn_pos_zpad_sp,0,1558748027
660,d_prec_width_nn_neg_zpad_sp,0,1558748027
661,d_prec_width_ff_pos_lj_zpad_sp,0,1558748027
662,d_prec_width_ff_neg_lj_zpad_sp,0,1558748027
663,d_prec_width_ff_zero_lj_zpad_sp,0,1558748027
664,d_prec_width_nf_pos_lj_zpad_sp,0,1558748027
665,d_prec_width_nf_neg_lj_zpad_sp,0,1558748027
666,d_prec_width_fn_pos_lj_zpad_sp,0,1558748027
667,d_prec_width_fn_neg_lj_zpad_sp,0,1558748027
668,d_prec_width_nn_pos_lj_zpad_sp,0,1558748027
669,d_prec_width_nn_neg_lj_zpad_sp,0,1558748027
670,d_prec_width_ff_pos_allsign_zpad_sp,0,1558748027
671,d_prec_width_ff_neg_allsign_zpad_sp,0,1558748027
672,d_prec_width_ff_zero_allsign_zpad_sp,0,1558748027
673,d_prec_width_nf_pos_allsign_zpad_sp,0,1558748027
674,d_prec_width_nf_neg_allsign_zpad_sp,0,1558748027
675,d_prec_width_fn_pos_allsign_zpad_sp,1558748027,0
676,d_prec_width_fn_neg_allsign_zpad_sp,0,1558748027
677,d_prec_width_nn_pos_allsign_zpad_sp,1558748027,0
678,d_prec_width_nn_neg_allsign_zpad_sp,0,1558748027
679,d_prec_width_ff_pos_lj_allsign_zpad_sp,1558748027,0
680,d_prec_width_ff_neg_lj_allsign_zpad_sp,0,1558748027
681,d_prec_width_ff_zero_lj_allsign_zpad_sp,1558748027,0
682,d_prec_width_nf_pos_lj_allsign_zpad_sp,1558748027,0
683,d_prec_width_nf_neg_lj_allsign_zpad_sp,0,1558748027
684,d_prec_width_fn_pos_lj_allsign_zpad_sp,1558748027,0
685,d_prec_width_fn_neg_lj_allsign_zpad_sp,0,1558748027
686,d_prec_width_nn_pos_lj_allsign_zpad_sp,1558748027,0
687,d_prec_width_nn_neg_lj_allsign_zpad_sp,0,1558748027
688,d_size_hh_pos_casted_sp,0,1558748027
689,d_size_hh_neg_casted_sp,0,1558748027
690,d_size_h_pos_casted_sp,0,1558748027
691,d_size_h_neg_casted_sp,0,1558748027
692,d_size_l_pos_casted_sp,0,1558748027
693,d_size_l_neg_casted_sp,0,1558748027
694,d_size_ll_pos_casted_sp,0,1558748027
695,d_size_ll_neg_casted_sp,0,1558748027
696,d_size_hh_pos_ref_sp,0,1558748027
697,d_size_hh_neg_ref_sp,0,1558748027
698,d_size_h_pos_ref_sp,0,1558748027
699,d_size_h_neg_ref_sp,0,1558748027
700,d_size_l_pos_ref_sp,0,1558748027
701,d_size_l_neg_ref_sp,0,1558748027
702,d_size_ll_pos_ref_sp,0,1558748027
703,d_size_ll_neg_ref_sp,0,1558748027
704,d_size_l_pos_big_sp,0,1558748027
705,d_size_l_neg_big_sp,0,1558748027
706,d_size_ll_pos_big_sp,0,1558748027
707,d_size_ll_neg_big_sp,0,1558748027
708,d_llmax_sp,0,1558748027
709,d_llmin_sp,0,1558748027
710,d_lmax_sp,0,1558748027
711,d_lmin_sp,0,1558748027
712,d_hmax_sp,0,1558748027
713,d_hmin_sp,0,1558748027
714,d_hhmax_sp,0,1558748027
715,d_hhmin_sp,0,1558748027
716,d_prec0val0_basic,0,1558748027
717,d_prec0val0_implicit,0,1558748027
718,d_prec0val0_w,0,1558748027
719,d_prec0val0_w_impl,0,1558748027
720,d_prec0val0_wlj,0,1558748027
721,d_prec0val0_wlj_impl,0,1558748027
722,d_prec0val0_as,0,1558748027
723,d_prec0val0_as_impl,0,1558748027
724,d_prec0val0_was,0,1558748027
725,d_prec0val0_was_impl,0,1558748027
726,d_prec0val0_waslj,0,1558748027
727,d_prec0val0_waslj_impl,0,1558748027
728,mix_hhi_str_lli_str,1558748027,0
729,mix_str_hi_str_li,1558748027,0
730,mix_str_hi_str_li_emptystr,1558748027,0
731,u_basic_u_pos,0,1558748027
732,u_basic_u_zero,0,1558748027
733,u_basic_u_onlypos,0,1558748027
734,u_uintmax,0,1558748027
735,u_width_pos_fits,0,1558748027
736,u_width_zero_fits,0,1558748027
737,u_width_pos_exactfit,0,1558748027
738,u_width_pos_nofit,0,1558748027
739,u_width_pos_fits_lj,0,1558748027
740,u_width_zero_fits_lj,0,1558748027
741,u_width_pos_exactfit_lj,0,1558748027
742,u_width_pos_nofit_lj,0,1558748027
743,u_prec_fits_pos,0,1558748027
744,u_prec_fits_zero,0,1558748027
745,u_prec_exactfit_pos,0,1558748027
746,u_prec_nofit_pos,0,1558748027
747,u_zpad_pos_fits,0,1558748027
748,u_zpad_zero_fits,0,1558748027
749,u_zpad_pos_exactfit,0,1558748027
750,u_prec_width_fit_fit_pos,0,1558748027
751,u_prec_width_fit_fit_zero,0,1558748027
752,u_prec_width_nofit_fit_pos,0,1558748027
753,u_prec_width_fit_nofit_pos,0,1558748027
754,u_prec_width_nofit_nofit_pos,0,1558748027
755,u_prec_width_fit_fit_pos_lj,0,1558748027
756,u_prec_width_fit_fit_zero_lj,0,1558748027
757,u_prec_width_nofit_fit_pos_lj,0,1558748027
758,u_prec_width_fit_nofit_pos_lj,0,1558748027
759,u_prec_width_nofit_nofit_pos_lj,0,1558748027
760,u_prec_width_ff_pos_zpad,0,1558748027
761,u_prec_width_ff_zero_zpad,0,1558748027
762,u_prec_width_nf_pos_zpad,0,1558748027
763,u_prec_width_fn_pos_zpad,0,1558748027
764,u_prec_width_nn_pos_zpad,0,1558748027
765,u_prec_width_ff_pos_lj_zpad,0,1558748027
766,u_prec_width_ff_zero_lj_zpad,0,1558748027
767,u_prec_width_nf_pos_lj_zpad,0,1558748027
768,u_prec_width_fn_pos_lj_zpad,0,1558748027
769,u_prec_width_nn_pos_lj_zpad,0,1558748027
770,u_size_hh_pos_casted,0,1558748027
771,u_size_h_pos_casted,0,1558748027
772,u_size_l_pos_casted,0,1558748027
773,u_size_ll_pos_casted,0,1558748027
774,u_size_hh_pos_ref,0,1558748027
775,u_size_h_pos_ref,0,1558748027
776,u_size_l_pos_ref,0,1558748027
777,u_size_ll_pos_ref,0,1558748027
778,u_size_l_pos_big,0,1558748027
779,u_size_ll_pos_big,0,1558748027
780,u_ullmax,0,1558748027
781,u_ulmax,0,1558748027
782,u_uhmax,0,1558748027
783,u_uhhmax,0,1558748027
784,u_size_l_pos_big_zpad,0,1558748027
785,u_size_ll_pos_big_width,0,1558748027
786,u_size_ll_hh_ll,0,1558748027
787,u_size_h_l_hh,0,1558748027
788,u_size_l_hh_h,0,1558748027
789,u_size_n_ll_hh,0,1558748027
790,u_size_ll_n_l,0,1558748027
791,u_prec0val0_basic,0,1558748027
792,u_prec0val0_implicit,0,1558748027
793,u_prec0val0_w,0,1558748027
794,u_prec0val0_w_impl,0,1558748027
795,u_prec0val0_wlj,0,1558748027
796,u_prec0val0_wlj_impl,0,1558748027
797,mix_hhu_str_llu_str,0,1558748027
798,mix_str_hu_str_lu,0,1558748027
799,mixed_test_0001,0,1558748027
800,x_basic_pos,0,1558748027
801,x_basic_zero,0,1558748027
802,x_basic_onlypos,0,1558748027
803,x_hexlmax,0,1558748027
804,x_width_pos_fits,0,1558748027
805,x_width_zero_fits,0,1558748027
806,x_width_pos_exactfit,0,1558748027
807,x_width_pos_nofit,0,1558748027
808,x_width_pos_fits_lj,0,1558748027
809,x_width_zero_fits_lj,0,1558748027
810,x_width_pos_exactfit_lj,0,1558748027
811,x_width_pos_nofit_lj,0,1558748027
812,x_prec_fits_pos,0,1558748027
813,x_prec_fits_zero,0,1558748027
814,x_prec_exactfit_pos,0,1558748027
815,x_prec_nofit_pos,0,1558748027
816,x_zpad_pos_fits,0,1558748027
817,x_zpad_zero_fits,0,1558748027
818,x_zpad_pos_exactfit,0,1558748027
819,x_prec_width_fit_fit_pos,0,1558748027
820,x_prec_width_fit_fit_zero,0,1558748027
821,x_prec_width_nofit_fit_pos,0,1558748027
822,x_prec_width_fit_nofit_pos,0,1558748027
823,x_prec_width_nofit_nofit_pos,0,1558748027
824,x_prec_width_fit_fit_pos_lj,0,1558748027
825,x_prec_width_fit_fit_zero_lj,0,1558748027
826,x_prec_width_nofit_fit_pos_lj,0,1558748027
827,x_prec_width_fit_nofit_pos_lj,0,1558748027
828,x_prec_width_nofit_nofit_pos_lj,0,1558748027
829,x_prec_width_ff_pos_zpad,0,1558748027
830,x_prec_width_ff_zero_zpad,0,1558748027
831,x_prec_width_nf_pos_zpad,0,1558748027
832,x_prec_width_fn_pos_zpad,0,1558748027
833,x_prec_width_nn_pos_zpad,0,1558748027
834,x_prec_width_ff_pos_lj_zpad,0,1558748027
835,x_prec_width_ff_zero_lj_zpad,0,1558748027
836,x_prec_width_nf_pos_lj_zpad,0,1558748027
837,x_prec_width_fn_pos_lj_zpad,0,1558748027
838,x_prec_width_nn_pos_lj_zpad,0,1558748027
839,x_size_hh_pos_casted,0,1558748027
840,x_size_h_pos_casted,0,1558748027
841,x_size_l_pos_casted,0,1558748027
842,x_size_ll_pos_casted,0,1558748027
843,x_size_hh_pos_ref,0,1558748027
844,x_size_h_pos_ref,0,1558748027
845,x_size_l_pos_ref,0,1558748027
846,x_size_ll_pos_ref,0,1558748027
847,x_size_l_pos_big,0,1558748027
848,x_size_ll_pos_big,0,1558748027
849,x_ullmax,0,1558748027
850,x_ulmax,0,1558748027
851,x_uhmax,0,1558748027
852,x_uhhmax,0,1558748027
853,x_size_l_pos_big_zpad,0,1558748027
854,x_size_ll_pos_big_width,0,1558748027
855,x_size_ll_hh_ll,0,1558748027
856,x_size_h_l_hh,0,1558748027
857,x_size_l_hh_h,0,1558748027
858,x_size_n_ll_hh,0,1558748027
859,x_size_ll_n_l,0,1558748027
860,x_basic_pos_af,0,1558748027
861,x_basic_zero_af,0,1558748027
862,x_basic_onlypos_af,0,1558748027
863,x_hexlmax_af,0,1558748027
864,x_width_pos_fits_af,0,1558748027
865,x_width_zero_fits_af,0,1558748027
866,x_width_pos_exactfit_af,0,1558748027
867,x_width_pos_nofit_af,0,1558748027
868,x_width_pos_fits_lj_af,0,1558748027
869,x_width_zero_fits_lj_af,0,1558748027
870,x_width_pos_exactfit_lj_af,0,1558748027
871,x_width_pos_nofit_lj_af,0,1558748027
872,x_prec_fits_pos_af,0,1558748027
873,x_prec_fits_zero_af,0,1558748027
874,x_prec_exactfit_pos_af,0,1558748027
875,x_prec_nofit_pos_af,0,1558748027
876,x_zpad_pos_fits_af,0,1558748027
877,x_zpad_zero_fits_af,0,1558748027
878,x_zpad_pos_exactfit_af,0,1558748027
879,x_prec_width_fit_fit_pos_af,0,1558748027
880,x_prec_width_fit_fit_zero_af,0,1558748027
881,x_prec_width_nofit_fit_pos_af,0,1558748027
882,x_prec_width_fit_nofit_pos_af,0,1558748027
883,x_prec_width_nofit_nofit_pos_af,0,1558748027
884,x_prec_width_fit_fit_pos_lj_af,0,1558748027
885,x_prec_width_fit_fit_zero_lj_af,0,1558748027
886,x_prec_width_nofit_fit_pos_lj_af,0,1558748027
887,x_prec_width_fit_nofit_pos_lj_af,0,1558748027
888,x_prec_width_nofit_nofit_pos_lj_af,0,1558748027
889,x_prec_width_ff_pos_zpad_af,0,1558748027
890,x_prec_width_ff_zero_zpad_af,0,1558748027
891,x_prec_width_nf_pos_zpad_af,0,1558748027
892,x_prec_width_fn_pos_zpad_af,0,1558748027
893,x_prec_width_nn_pos_zpad_af,0,1558748027
894,x_prec_width_ff_pos_lj_zpad_af,0,1558748027
895,x_prec_width_ff_zero_lj_zpad_af,0,1558748027
896,x_prec_width_nf_pos_lj_zpad_af,0,1558748027
897,x_prec_width_fn_pos_lj_zpad_af,0,1558748027
898,x_prec_width_nn_pos_lj_zpad_af,0,1558748027
899,x_size_hh_pos_casted_af,0,1558748027
900,x_size_h_pos_casted_af,0,1558748027
901,x_size_l_pos_casted_af,0,1558748027
902,x_size_ll_pos_casted_af,0,1558748027
903,x_size_hh_pos_ref_af,0,1558748027
904,x_size_h_pos_ref_af,0,1558748027
905,x_size_l_pos_ref_af,0,1558748027
906,x_size_ll_pos_ref_af,0,1558748027
907,x_size_l_pos_big_af,0,1558748027
908,x_size_ll_pos_big_af,0,1558748027
909,x_ullmax_af,0,1558748027
910,x_ulmax_af,0,1558748027
911,x_uhmax_af,0,1558748027
912,x_uhhmax_af,0,1558748027
913,x_size_l_pos_big_zpad_af,0,1558748027
914,x_size_ll_pos_big_width_af,0,1558748027
915,x_size_ll_hh_ll_af,0,1558748027
916,x_size_h_l_hh_af,0,1558748027
917,x_size_l_hh_h_af,0,1558748027
918,x_size_n_ll_hh_af,0,1558748027
919,x_size_ll_n_l_af,0,1558748027
920,x_prec0val0_basic,0,1558748027
921,x_prec0val0_implicit,0,1558748027
922,x_prec0val0_w,0,1558748027
923,x_prec0val0_w_impl,0,1558748027
924,x_prec0val0_wlj,0,1558748027
925,x_prec0val0_wlj_impl,0,1558748027
926,x_prec0val0_af,0,1558748027
927,x_prec0val0_af_impl,0,1558748027
928,x_prec0val0_waf,0,1558748027
929,x_prec0val0_waf_impl,0,1558748027
930,x_prec0val0_waflj,0,1558748027
931,x_prec0val0_waflj_impl,0,1558748027
932,X_basic_hexu_pos,0,1558748027
933,X_basic_hexu_zero,0,1558748027
934,X_basic_hexu_onlypos,0,1558748027
935,X_hexumax,0,1558748027
936,X_width_pos_fits,0,1558748027
937,X_width_zero_fits,0,1558748027
938,X_width_pos_exactfit,0,1558748027
939,X_width_pos_nofit,0,1558748027
940,X_width_pos_fits_lj,0,1558748027
941,X_width_zero_fits_lj,0,1558748027
942,X_width_pos_exactfit_lj,0,1558748027
943,X_width_pos_nofit_lj,0,1558748027
944,X_prec_fits_pos,0,1558748027
945,X_prec_fits_zero,0,1558748027
946,X_prec_exactfit_pos,0,1558748027
947,X_prec_nofit_pos,0,1558748027
948,X_zpad_pos_fits,0,1558748027
949,X_zpad_zero_fits,0,1558748027
950,X_zpad_pos_exactfit,0,1558748027
951,X_prec_width_fit_fit_pos,0,1558748027
952,X_prec_width_fit_fit_zero,0,1558748027
953,X_prec_width_nofit_fit_pos,0,1558748027
954,X_prec_width_fit_nofit_pos,0,1558748027
955,X_prec_width_nofit_nofit_pos,0,1558748027
956,X_prec_width_fit_fit_pos_lj,0,1558748027
957,X_prec_width_fit_fit_zero_lj,0,1558748027
958,X_prec_width_nofit_fit_pos_lj,0,1558748027
959,X_prec_width_fit_nofit_pos_lj,0,1558748027
960,X_prec_width_nofit_nofit_pos_lj,0,1558748027
961,X_prec_width_ff_pos_zpad,0,1558748027
962,X_prec_width_ff_zero_zpad,0,1558748027
963,X_prec_width_nf_pos_zpad,0,1558748027
964,X_prec_width_fn_pos_zpad,0,1558748027
965,X_prec_width_nn_pos_zpad,0,1558748027
966,X_prec_width_ff_pos_lj_zpad,0,1558748027
967,X_prec_width_ff_zero_lj_zpad,0,1558748027
968,X_prec_width_nf_pos_lj_zpad,0,1558748027
969,X_prec_width_fn_pos_lj_zpad,0,1558748027
970,X_prec_width_nn_pos_lj_zpad,0,1558748027
971,X_size_hh_pos_casted,0,1558748027
972,X_size_h_pos_casted,0,1558748027
973,X_size_l_pos_casted,0,1558748027
974,X_size_ll_pos_casted,0,1558748027
975,X_size_hh_pos_ref,0,1558748027
976,X_size_h_pos_ref,0,1558748027
977,X_size_l_pos_ref,0,1558748027
978,X_size_ll_pos_ref,0,1558748027
979,X_size_l_pos_big,0,1558748027
980,X_size_ll_pos_big,0,1558748027
981,X_ullmax,0,1558748027
982,X_ulmax,0,1558748027
983,X_uhmax,0,1558748027
984,X_uhhmax,0,1558748027
985,X_size_l_pos_big_zpad,0,1558748027
986,X_size_ll_pos_big_width,0,1558748027
987,X_size_ll_hh_ll,0,1558748027
988,X_size_h_l_hh,0,1558748027
989,X_size_l_hh_h,0,1558748027
990,X_size_n_ll_hh,0,1558748027
991,X_size_ll_n_l,0,1558748027
992,X_basic_hexu_pos_af,0,1558748027
993,X_basic_hexu_zero_af,0,1558748027
994,X_basic_hexu_onlypos_af,0,1558748027
995,X_hexumax_af,0,1558748027
996,X_width_pos_fits_af,0,1558748027
997,X_width_zero_fits_af,0,1558748027
998,X_width_pos_exactfit_af,0,1558748027
999,X_width_pos_nofit_af,0,1558748027
1000,X_width_pos_fits_lj_af,0,1558748027
1001,X_width_zero_fits_lj_af,0,1558748027
1002,X_width_pos_exactfit_lj_af,0,1558748027
1003,X_width_pos_nofit_lj_af,0,1558748027
1004,X_prec_fits_pos_af,0,1558748027
1005,X_prec_fits_zero_af,0,1558748027
1006,X_prec_exactfit_pos_af,0,1558748027
1007,X_prec_nofit_pos_af,0,1558748027
1008,X_zpad_pos_fits_af,0,1558748027
1009,X_zpad_zero_fits_af,0,1558748027
1010,X_zpad_pos_exactfit_af,0,1558748027
1011,X_prec_width_fit_fit_pos_af,0,1558748027
1012,X_prec_width_fit_fit_zero_af,0,1558748027
1013,X_prec_width_nofit_fit_pos_af,0,1558748027
1014,X_prec_width_fit_nofit_pos_af,0,1558748027
1015,X_prec_width_nofit_nofit_pos_af,0,1558748027
1016,X_prec_width_fit_fit_pos_lj_af,0,1558748027
1017,X_prec_width_fit_fit_zero_lj_af,0,1558748027
1018,X_prec_width_nofit_fit_pos_lj_af,0,1558748027
1019,X_prec_width_fit_nofit_pos_lj_af,0,1558748027
1020,X_prec_width_nofit_nofit_pos_lj_af,0,1558748027
1021,X_prec_width_ff_pos_zpad_af,0,1558748027
1022,X_prec_width_ff_zero_zpad_af,0,1558748027
1023,X_prec_width_nf_pos_zpad_af,0,1558748027
1024,X_prec_width_fn_pos_zpad_af,0,1558748027
1025,X_prec_width_nn_pos_zpad_af,0,1558748027
1026,X_prec_width_ff_pos_lj_zpad_af,0,1558748027
1027,X_prec_width_ff_zero_lj_zpad_af,0,1558748027
1028,X_prec_width_nf_pos_lj_zpad_af,0,1558748027
1029,X_prec_width_fn_pos_lj_zpad_af,0,1558748027
1030,X_prec_width_nn_pos_lj_zpad_af,0,1558748027
1031,X_size_hh_pos_casted_af,0,1558748027
1032,X_size_h_pos_casted_af,0,1558748027
1033,X_size_l_pos_casted_af,0,1558748027
1034,X_size_ll_pos_casted_af,0,1558748027
1035,X_size_hh_pos_ref_af,0,1558748027
1036,X_size_h_pos_ref_af,0,1558748027
1037,X_size_l_pos_ref_af,0,1558748027
1038,X_size_ll_pos_ref_af,0,1558748027
1039,X_size_l_pos_big_af,0,1558748027
1040,X_size_ll_pos_big_af,0,1558748027
1041,X_ullmax_af,0,1558748027
1042,X_ulmax_af,0,1558748027
1043,X_uhmax_af,0,1558748027
1044,X_uhhmax_af,0,1558748027
1045,X_size_l_pos_big_zpad_af,0,1558748027
1046,X_size_ll_pos_big_width_af,0,1558748027
1047,X_size_ll_hh_ll_af,0,1558748027
1048,X_size_h_l_hh_af,0,1558748027
1049,X_size_l_hh_h_af,0,1558748027
1050,X_size_n_ll_hh_af,0,1558748027
1051,X_size_ll_n_l_af,0,1558748027
1052,X_prec0val0_basic,0,1558748027
1053,X_prec0val0_implicit,0,1558748027
1054,X_prec0val0_w,0,1558748027
1055,X_prec0val0_w_impl,0,1558748027
1056,X_prec0val0_wlj,0,1558748027
1057,X_prec0val0_wlj_impl,0,1558748027
1058,X_prec0val0_af,0,1558748027
1059,X_prec0val0_af_impl,0,1558748027
1060,X_prec0val0_waf,0,1558748027
1061,X_prec0val0_waf_impl,0,1558748027
1062,X_prec0val0_waflj,0,1558748027
1063,X_prec0val0_waflj_impl,0,1558748027
1064,o_basic_octl_pos,0,1558748027
1065,o_basic_octl_zero,0,1558748027
1066,o_basic_octl_onlypos,0,1558748027
1067,o_octlmax,0,1558748027
1068,o_width_pos_fits,0,1558748027
1069,o_width_zero_fits,0,1558748027
1070,o_width_pos_exactfit,0,1558748027
1071,o_width_pos_nofit,0,1558748027
1072,o_width_pos_fits_lj,0,1558748027
1073,o_width_zero_fits_lj,0,1558748027
1074,o_width_pos_exactfit_lj,0,1558748027
1075,o_width_pos_nofit_lj,0,1558748027
1076,o_prec_fits_pos,0,1558748027
1077,o_prec_fits_zero,0,1558748027
1078,o_prec_exactfit_pos,0,1558748027
1079,o_prec_nofit_pos,0,1558748027
1080,o_zpad_pos_fits,0,1558748027
1081,o_zpad_zero_fits,0,1558748027
1082,o_zpad_pos_exactfit,0,1558748027
1083,o_prec_width_fit_fit_pos,0,1558748027
1084,o_prec_width_fit_fit_zero,0,1558748027
1085,o_prec_width_nofit_fit_pos,0,1558748027
1086,o_prec_width_fit_nofit_pos,0,1558748027
1087,o_prec_width_nofit_nofit_pos,0,1558748027
1088,o_prec_width_fit_fit_pos_lj,0,1558748027
1089,o_prec_width_fit_fit_zero_lj,0,1558748027
1090,o_prec_width_nofit_fit_pos_lj,0,1558748027
1091,o_prec_width_fit_nofit_pos_lj,0,1558748027
1092,o_prec_width_nofit_nofit_pos_lj,0,1558748027
1093,o_prec_width_ff_pos_zpad,0,1558748027
1094,o_prec_width_ff_zero_zpad,0,1558748027
1095,o_prec_width_nf_pos_zpad,0,1558748027
1096,o_prec_width_fn_pos_zpad,0,1558748027
1097,o_prec_width_nn_pos_zpad,0,1558748027
1098,o_prec_width_ff_pos_lj_zpad,0,1558748027
1099,o_prec_width_ff_zero_lj_zpad,0,1558748027
1100,o_prec_width_nf_pos_lj_zpad,0,1558748027
1101,o_prec_width_fn_pos_lj_zpad,0,1558748027
1102,o_prec_width_nn_pos_lj_zpad,0,1558748027
1103,o_size_hh_pos_casted,0,1558748027
1104,o_size_h_pos_casted,0,1558748027
1105,o_size_l_pos_casted,0,1558748027
1106,o_size_ll_pos_casted,0,1558748027
1107,o_size_hh_pos_ref,0,1558748027
1108,o_size_h_pos_ref,0,1558748027
1109,o_size_l_pos_ref,0,1558748027
1110,o_size_ll_pos_ref,0,1558748027
1111,o_size_l_pos_big,0,1558748027
1112,o_size_ll_pos_big,0,1558748027
1113,o_ullmax,0,1558748027
1114,o_ulmax,0,1558748027
1115,o_uhmax,0,1558748027
1116,o_uhhmax,0,1558748027
1117,o_size_l_pos_big_zpad,0,1558748027
1118,o_size_ll_pos_big_width,0,1558748027
1119,o_size_ll_hh_ll,0,1558748027
1120,o_size_h_l_hh,0,1558748027
1121,o_size_l_hh_h,0,1558748027
1122,o_size_n_ll_hh,0,1558748027
1123,o_size_ll_n_l,0,1558748027
1124,o_basic_octl_pos_af,0,1558748027
1125,o_basic_octl_zero_af,0,1558748027
1126,o_basic_octl_onlypos_af,0,1558748027
1127,o_octlmax_af,0,1558748027
1128,o_width_pos_fits_af,0,1558748027
1129,o_width_zero_fits_af,0,1558748027
1130,o_width_pos_exactfit_af,0,1558748027
1131,o_width_pos_nofit_af,0,1558748027
1132,o_width_pos_fits_lj_af,0,1558748027
1133,o_width_zero_fits_lj_af,0,1558748027
1134,o_width_pos_exactfit_lj_af,0,1558748027
1135,o_width_pos_nofit_lj_af,0,1558748027
1136,o_prec_fits_pos_af,0,1558748027
1137,o_prec_fits_zero_af,0,1558748027
1138,o_prec_exactfit_pos_af,0,1558748027
1139,o_prec_nofit_pos_af,0,1558748027
1140,o_zpad_pos_fits_af,0,1558748027
1141,o_zpad_zero_fits_af,0,1558748027
1142,o_zpad_pos_exactfit_af,0,1558748027
1143,o_prec_width_fit_fit_pos_af,0,1558748027
1144,o_prec_width_fit_fit_zero_af,0,1558748027
1145,o_prec_width_nofit_fit_pos_af,0,1558748027
1146,o_prec_width_fit_nofit_pos_af,0,1558748027
1147,o_prec_width_nofit_nofit_pos_af,0,1558748027
1148,o_prec_width_fit_fit_pos_lj_af,0,1558748027
1149,o_prec_width_fit_fit_zero_lj_af,0,1558748027
1150,o_prec_width_nofit_fit_pos_lj_af,0,1558748027
1151,o_prec_width_fit_nofit_pos_lj_af,0,1558748027
1152,o_prec_width_nofit_nofit_pos_lj_af,0,1558748027
1153,o_prec_width_ff_pos_zpad_af,0,1558748027
1154,o_prec_width_ff_zero_zpad_af,0,1558748027
1155,o_prec_width_nf_pos_zpad_af,0,1558748027
1156,o_prec_width_fn_pos_zpad_af,0,1558748027
1157,o_prec_width_nn_pos_zpad_af,0,1558748027
1158,o_prec_width_ff_pos_lj_zpad_af,0,1558748027
1159,o_prec_width_ff_zero_lj_zpad_af,0,1558748027
1160,o_prec_width_nf_pos_lj_zpad_af,0,1558748027
1161,o_prec_width_fn_pos_lj_zpad_af,0,1558748027
1162,o_prec_width_nn_pos_lj_zpad_af,0,1558748027
1163,o_size_hh_pos_casted_af,0,1558748027
1164,o_size_h_pos_casted_af,0,1558748027
1165,o_size_l_pos_casted_af,0,1558748027
1166,o_size_ll_pos_casted_af,0,1558748027
1167,o_size_hh_pos_ref_af,0,1558748027
1168,o_size_h_pos_ref_af,0,1558748027
1169,o_size_l_pos_ref_af,0,1558748027
1170,o_size_ll_pos_ref_af,0,1558748027
1171,o_size_l_pos_big_af,0,1558748027
1172,o_size_ll_pos_big_af,0,1558748027
1173,o_ullmax_af,0,1558748027
1174,o_ulmax_af,0,1558748027
1175,o_uhmax_af,0,1558748027
1176,o_uhhmax_af,0,1558748027
1177,o_size_l_pos_big_zpad_af,0,1558748027
1178,o_size_ll_pos_big_width_af,0,1558748027
1179,o_size_ll_hh_ll_af,0,1558748027
1180,o_size_h_l_hh_af,0,1558748027
1181,o_size_l_hh_h_af,0,1558748027
1182,o_size_n_ll_hh_af,0,1558748027
1183,o_size_ll_n_l_af,0,1558748027
1184,o_prec0val0_basic,0,1558748027
1185,o_prec0val0_implicit,0,1558748027
1186,o_prec0val0_w,0,1558748027
1187,o_prec0val0_w_impl,0,1558748027
1188,o_prec0val0_wlj,0,1558748027
1189,o_prec0val0_wlj_impl,0,1558748027
1190,o_prec0val0_af,0,1558748027
1191,o_prec0val0_af_impl,0,1558748027
1192,o_prec0val0_waf,0,1558748027
1193,o_prec0val0_waf_impl,0,1558748027
1194,o_prec0val0_waflj,0,1558748027
1195,o_prec0val0_waflj_impl,0,1558748027
1196,p_null,1558749838,0
1197,p_ftfc_literal_9w_prec2,0,1558749838
1198,p_ftfc_literal_2w_prec9,1558749838,1558748668
1199,p_ftfc_zero_prec5,1558749838,1558748668
1200,p_ftfc_zero_prec0,0,1558749838
1201,p_ftfc_5w,0,1558749838
1202,p_basic,1558749838,0
1203,p_width_fit,0,1558749838
1204,p_width_nofit,1558749838,0
1205,p_width_16,0,1558749838
1206,p_width_8,1558749838,0
1207,p_width_32,0,1558749838
1208,p_width_fit_lj,0,1558749838
1209,p_width_nofit_lj,1558749838,0
1210,p_width_16_lj,0,1558749838
1211,p_width_8_lj,1558749838,0
1212,p_width_32_lj,0,1558749838
1213,c_allprintable_combined,1558748661,0
1214,c_1_31_combined,1558748661,0
1215,c_128_255_combined,1558748661,0
1216,c_allprintable_width,1558748661,0
1217,c_1_31_width,1558748661,0
1218,c_128_255_width,1558748661,0
1219,c_allprintable_width_lj,1558748661,0
1220,c_1_31_width_lj,1558748661,0
1221,c_128_255_width_lj,1558748661,0
1222,c_nullterm_basic,1558748661,0
1223,c_nullterm_5w,1558748661,0
1224,c_nullterm_5wlj,1558748661,0
1225,f_basic_1,1558748027,0
1226,f_basic_fltonly,1558748027,0
1227,f_basic_whole,1558748027,0
1228,f_basic_negative,0,1558748027
1229,f_basic_positive_3_3,1558748027,0
1230,f_basic_negative_3_3,0,1558748027
1231,f_basic_positive_smallfpart,1558748027,0
1232,f_basic_positive_allsmall,0,1558748027
1233,f_basic_negative_smallfpart,0,1558748027
1234,f_basic_negative_allsmall,0,1558748027
1235,f_basic_limits_allsmall_pos,0,1558748027
1236,f_basic_limits_allsmall_neg,0,1558748027
1237,f_basic_limits_smallfpart_pos,0,1558748027
1238,f_basic_limits_smallfpart_neg,0,1558748027
1239,f_basic_limits_allbig_pos,1558748027,0
1240,f_basic_limits_allbig_neg,0,1558748027
1241,f_basic_limits_bigfpart_pos,0,1558748027
1242,f_basic_limits_bigfpart_neg,0,1558748027
1243,f_rndd_pos,1558748027,0
1244,f_rndd_neg,0,1558748027
1245,f_rndu_pos,0,1558748027
1246,f_rndu_neg,0,1558748027
1247,f_rndu_multidigit_pos,0,1558748027
1248,f_rndu_multidigit_neg,0,1558748027
1249,f_rndd_multidigit_pos,1558748027,0
1250,f_rndd_multidigit_neg,0,1558748027
1251,f_rndd_wholnobump_pos,1558748027,0
1252,f_rndd_wholnobump_neg,0,1558748027
1253,f_rndu_bumpwhole_pos,0,1558748027
1254,f_rndu_bumpwhole_neg,0,1558748027
1255,f_prec0_1,0,1558748027
1256,f_prec0_fltonly,0,1558748027
1257,f_prec0_whole,0,1558748027
1258,f_prec0_negative,0,1558748027
1259,f_prec0_positive_3_3,0,1558748027
1260,f_prec0_negative_3_3,0,1558748027
1261,f_prec0_positive_smallfpart,0,1558748027
1262,f_prec0_positive_allsmall,0,1558748027
1263,f_prec0_negative_smallfpart,0,1558748027
1264,f_prec0_negative_allsmall,0,1558748027
1265,f_prec1_1,1558748027,0
1266,f_prec1_fltonly,1558748027,0
1267,f_prec1_whole,1558748027,0
1268,f_prec1_negative,0,1558748027
1269,f_prec1_positive_3_3,1558748027,0
1270,f_prec1_negative_3_3,0,1558748027
1271,f_prec1_positive_smallfpart,1558748027,0
1272,f_prec1_positive_allsmall,0,1558748027
1273,f_prec1_negative_smallfpart,0,1558748027
1274,f_prec1_negative_allsmall,0,1558748027
1275,f_prec3_1,1558748027,0
1276,f_prec3_fltonly,1558748027,0
1277,f_prec3_whole,1558748027,0
1278,f_prec3_negative,0,1558748027
1279,f_prec3_positive_3_3,1558748027,0
1280,f_prec3_negative_3_3,0,1558748027
1281,f_prec3_positive_smallfpart,1558748027,0
1282,f_prec3_positive_allsmall,0,1558748027
1283,f_prec3_negative_smallfpart,0,1558748027
1284,f_prec3_negative_allsmall,0,1558748027
1285,f_prec7_1,1558748027,0
1286,f_prec7_fltonly,1558748027,0
1287,f_prec7_whole,1558748027,0
1288,f_prec7_negative,0,1558748027
1289,f_prec7_positive_3_3,0,1558748027
1290,f_prec7_negative_3_3,0,1558748027
1291,f_prec7_positive_smallfpart,1558748027,0
1292,f_prec7_positive_allsmall,0,1558748027
1293,f_prec7_negative_smallfpart,0,1558748027
1294,f_prec7_negative_allsmall,0,1558748027
1295,f_prec7_limits_allsmall_pos,0,1558748027
1296,f_prec7_limits_allsmall_neg,0,1558748027
1297,f_prec7_limits_smallfpart_pos,0,1558748027
1298,f_prec7_limits_smallfpart_neg,0,1558748027
1299,f_prec7_limits_allbig_pos,0,1558748027
1300,f_prec7_limits_allbig_neg,0,1558748027
1301,f_prec7_limits_bigfpart_pos,0,1558748027
1302,f_prec7_limits_bigfpart_neg,0,1558748027
1303,f_rnd_prec7_rndd_pos,1558748027,0
1304,f_rnd_prec7_rndd_neg,0,1558748027
1305,f_rnd_prec7_rndu_pos,0,1558748027
1306,f_rnd_prec7_rndu_neg,0,1558748027
1307,f_rnd_prec7_rndu_multidigit_pos,1558748027,0
1308,f_rnd_prec7_rndu_multidigit_neg,0,1558748027
1309,f_rnd_prec7_rndd_multidigit_pos,1558748027,0
1310,f_rnd_prec7_rndd_multidigit_neg,0,1558748027
1311,f_rnd_prec7_rndd_wholnobump_pos,0,1558748027
1312,f_rnd_prec7_rndd_wholnobump_neg,0,1558748027
1313,f_rnd_prec7_rndu_bumpwhole_pos,1558748027,0
1314,f_prec8_1,1558748027,0
1315,f_prec8_fltonly,1558748027,0
1316,f_prec8_whole,1558748027,0
1317,f_prec8_negative,0,1558748027
1318,f_prec8_positive_3_3,0,1558748027
1319,f_prec8_negative_3_3,0,1558748027
1320,f_prec8_positive_smallfpart,0,1558748027
1321,f_prec8_positive_allsmall,0,1558748027
1322,f_prec8_negative_smallfpart,0,1558748027
1323,f_prec8_negative_allsmall,0,1558748027
1324,f_prec8_limits_allsmall_pos,0,1558748027
1325,f_prec8_limits_allsmall_neg,0,1558748027
1326,f_prec8_limits_smallfpart_pos,0,1558748027
1327,f_prec8_limits_smallfpart_neg,0,1558748027
1328,f_prec8_limits_allbig_pos,0,1558748027
1329,f_prec8_limits_allbig_neg,0,1558748027
1330,f_prec8_limits_bigfpart_pos,0,1558748027
1331,f_prec8_limits_bigfpart_neg,0,1558748027
1332,f_rnd_prec8_rndd_pos,1558748027,0
1333,f_rnd_prec8_rndd_neg,0,1558748027
1334,f_rnd_prec8_rndu_pos,0,1558748027
1335,f_rnd_prec8_rndu_neg,0,1558748027
1336,f_rnd_prec8_rndu_multidigit_pos,0,1558748027
1337,f_rnd_prec8_rndu_multidigit_neg,0,1558748027
1338,f_rnd_prec8_rndd_multidigit_pos,0,1558748027
1339,f_rnd_prec8_rndd_multidigit_neg,0,1558748027
1340,f_rnd_prec8_rndd_wholnobump_pos,1558748027,0
1341,f_rnd_prec8_rndd_wholnobump_neg,0,1558748027
1342,f_rnd_prec8_rndu_bumpwhole_pos,1558748027,0
1343,f_stress_prec9_1,1558748027,0
1344,f_stress_prec9_fltonly,0,1558748027
1345,f_stress_prec9_whole,1558748027,0
1346,f_stress_prec9_negative,0,1558748027
1347,f_stress_prec9_positive_3_3,0,1558748027
1348,f_stress_prec9_negative_3_3,0,1558748027
1349,f_stress_prec9_positive_smallfpart,0,1558748027
1350,f_stress_prec9_positive_allsmall,0,1558748027
1351,f_stress_prec9_negative_smallfpart,0,1558748027
1352,f_stress_prec9_negative_allsmall,0,1558748027
1353,f_stress_prec9_limits_allsmall_pos,0,1558748027
1354,f_stress_prec9_limits_allsmall_neg,0,1558748027
1355,f_stress_prec9_limits_smallfpart_pos,0,1558748027
1356,f_stress_prec9_limits_smallfpart_neg,0,1558748027
1357,f_stress_prec9_limits_allbig_pos,0,1558748027
1358,f_stress_prec9_limits_allbig_neg,0,1558748027
1359,f_stress_prec9_limits_bigfpart_pos,0,1558748027
1360,f_stress_prec9_limits_bigfpart_neg,0,1558748027
1361,f_stress_prec9_rndd_pos,0,1558748027
1362,f_stress_prec9_rndd_neg,0,1558748027
1363,f_stress_prec9_rndu_pos,0,1558748027
1364,f_stress_prec9_rndu_neg,0,1558748027
1365,f_stress_prec9_rndu_multidigit_pos,0,1558748027
1366,f_stress_prec9_rndu_multidigit_neg,0,1558748027
1367,f_stress_prec9_rndd_multidigit_pos,0,1558748027
1368,f_stress_prec9_rndd_multidigit_neg,0,1558748027
1369,f_stress_prec9_rndd_wholnobump_pos,1558748027,0
1370,f_stress_prec9_rndd_wholnobump_neg,0,1558748027
1371,f_stress_prec9_rndu_bumpwhole_pos,0,1558748027
1372,f_stress_prec10_1,0,1558748027
1373,f_stress_prec10_fltonly,0,1558748027
1374,f_stress_prec10_whole,0,1558748027
1375,f_stress_prec10_negative,0,1558748027
1376,f_stress_prec10_positive_3_10,0,1558748027
1377,f_stress_prec10_negative_3_10,0,1558748027
1378,f_stress_prec10_pos,0,1558748027
1379,f_stress_prec10_neg,0,1558748027
1380,f_stress_prec10_rndd_pos,0,1558748027
1381,f_stress_prec10_rndd_neg,0,1558748027
1382,f_stress_prec10_rndu_pos,0,1558748027
1383,f_stress_prec10_rndu_neg,0,1558748027
1384,f_stress_prec10_positive_smallfpart,0,1558748027
1385,f_stress_prec10_positive_allsmall,0,1558748027
1386,f_stress_prec10_negative_smallfpart,0,1558748027
1387,f_stress_prec10_negative_allsmall,0,1558748027
1388,f_stress_prec10_limits_allsmall_pos,0,1558748027
1389,f_stress_prec10_limits_allsmall_neg,0,1558748027
1390,f_stress_prec10_limits_smallfpart_pos,0,1558748027
1391,f_stress_prec10_limits_smallfpart_neg,0,1558748027
1392,f_stress_prec10_limits_allbig_pos,0,1558748027
1393,f_stress_prec10_limits_allbig_neg,0,1558748027
1394,f_stress_prec10_limits_bigfpart_pos,0,1558748027
1395,f_stress_prec10_limits_bigfpart_neg,0,1558748027
1396,f_stress_prec11_rndu,0,1558748027
1397,f_stress_prec11_rndd,0,1558748027
1398,f_stress_prec11_limits_tiny,0,1558748027
1399,f_stress_prec11_limits_big,0,1558748027
1400,f_stress_prec12_rndu,0,1558748027
1401,f_stress_prec12_rndd,0,1558748027
1402,f_stress_prec12_limits_tiny,0,1558748027
1403,f_stress_prec12_limits_big,0,1558748027
1404,f_stress_prec13_rndu,0,1558748027
1405,f_stress_prec13_rndd,0,1558748027
1406,f_stress_prec13_limits_tiny,0,1558748027
1407,f_stress_prec13_limits_big,0,1558748027
1408,f_stress_prec14_rndu,0,1558748027
1409,f_stress_prec14_rndd,0,1558748027
1410,f_stress_prec14_limits_tiny,0,1558748027
1411,f_stress_prec14_limits_big,0,1558748027
1412,f_stress_prec15_rndu,0,1558748027
1413,f_stress_prec15_rndd,0,1558748027
1414,f_stress_prec15_limits_tiny,0,1558748027
1415,f_stress_prec15_limits_big,0,1558748027
1416,f_stress_prec16_rndu,0,1558748027
1417,f_stress_prec16_rndd,0,1558748027
1418,f_stress_prec16_limits_tiny,0,1558748027
1419,f_stress_prec16_limits_big,0,1558748027
1420,f_stress_prec17_rndu,0,1558748027
1421,f_stress_prec17_rndd,0,1558748027
1422,f_stress_prec17_limits_tiny,0,1558748027
1423,f_stress_prec17_limits_big,0,1558748027
1424,f_stress_prec18_rndu,0,1558748027
1425,f_stress_prec18_rndd,0,1558748027
1426,f_af_prec0p,0,1558748027
1427,f_af_prec1p,1558748027,0
1428,f_af_prec0n,0,1558748027
1429,f_af_prec1n,0,1558748027
1430,f_as_prec0p_as,0,1558748027
1431,f_as_prec3p_as,0,1558748027
1432,f_as_prec0n_as,0,1558748027
1433,f_as_prec3n_as,0,1558748027
1434,f_wprec0p,0,1558748027
1435,f_wprec1p,1558748027,0
1436,f_wprec3p,1558748027,0
1437,f_wprec6p,1558748027,0
1438,f_wprec0n,0,1558748027
1439,f_wprec1n,0,1558748027
1440,f_wprec3n,0,1558748027
1441,f_wprec6n,0,1558748027
1442,f_wzp_prec0p,0,1558748027
1443,f_wzp_prec1p,1558748027,0
1444,f_wzp_prec3p,1558748027,0
1445,f_wzp_prec6p,1558748027,0
1446,f_wzp_prec0n,0,1558748027
1447,f_wzp_prec1n,0,1558748027
1448,f_wzp_prec3n,0,1558748027
1449,f_wzp_prec6n,0,1558748027
1450,f_wlj_prec0p,0,1558748027
1451,f_wlj_prec1p,1558748027,0
1452,f_wlj_prec3p,1558748027,0
1453,f_wlj_prec6p,1558748027,0
1454,f_wlj_prec0n,0,1558748027
1455,f_wlj_prec1n,0,1558748027
1456,f_wlj_prec3n,0,1558748027
1457,f_wlj_prec6n,0,1558748027
1458,f_wzplj_prec0p,0,1558748027
1459,f_wzplj_prec1p,1558748027,0
1460,f_wzplj_prec3p,1558748027,0
1461,f_wzplj_prec6p,1558748027,0
1462,f_wzplj_prec0n,0,1558748027
1463,f_wzplj_prec1n,0,1558748027
1464,f_wzplj_prec3n,0,1558748027
1465,f_wzplj_prec6n,0,1558748027
1466,f_wzpljr_prec0p,0,1558748027
1467,f_wzpljr_prec1p,1558748027,0
1468,f_wzpljr_prec3p,1558748027,0
1469,f_wzpljr_prec6p,1558748027,0
1470,f_wzpljr_prec0n,0,1558748027
1471,f_wzpljr_prec1n,0,1558748027
1472,f_wzpljr_prec3n,0,1558748027
1473,f_wzpljr_prec6n,0,1558748027
1474,f_wzpljaf_prec0p,0,1558748027
1475,f_wzpljaf_prec1p,1558748027,0
1476,f_wzpljaf_prec3p,1558748027,0
1477,f_wzpljaf_prec6p,1558748027,0
1478,f_wzpljaf_prec0n,0,1558748027
1479,f_wzpljaf_prec1n,0,1558748027
1480,f_wzpljaf_prec3n,0,1558748027
1481,f_wzpljaf_prec6n,0,1558748027
1482,f_was_prec0p,0,1558748027
1483,f_was_prec1p,0,1558748027
1484,f_was_prec3p,0,1558748027
1485,f_was_prec6p,0,1558748027
1486,f_was_prec0n,0,1558748027
1487,f_was_prec1n,0,1558748027
1488,f_was_prec3n,0,1558748027
1489,f_was_prec6n,0,1558748027
1490,f_wzpas_prec0p,0,1558748027
1491,f_wzpas_prec1p,0,1558748027
1492,f_wzpas_prec3p,0,1558748027
1493,f_wzpas_prec6p,0,1558748027
1494,f_wzpas_prec0n,0,1558748027
1495,f_wzpas_prec1n,0,1558748027
1496,f_wzpas_prec3n,0,1558748027
1497,f_wzpas_prec6n,0,1558748027
1498,f_wljas_prec0p,0,1558748027
1499,f_wljas_prec1p,0,1558748027
1500,f_wljas_prec3p,0,1558748027
1501,f_wljas_prec6p,0,1558748027
1502,f_wljas_prec0n,0,1558748027
1503,f_wljas_prec1n,0,1558748027
1504,f_wljas_prec3n,0,1558748027
1505,f_wljas_prec6n,0,1558748027
1506,f_wzpljas_prec0p,0,1558748027
1507,f_wzpljas_prec1p,0,1558748027
1508,f_wzpljas_prec3p,0,1558748027
1509,f_wzpljas_prec6p,0,1558748027
1510,f_wzpljas_prec0n,0,1558748027
1511,f_wzpljas_prec1n,0,1558748027
1512,f_wzpljas_prec3n,0,1558748027
1513,f_wzpljas_prec6n,0,1558748027
1514,f_wzpljras_prec0p,0,1558748027
1515,f_wzpljras_prec1p,0,1558748027
1516,f_wzpljras_prec3p,0,1558748027
1517,f_wzpljras_prec6p,0,1558748027
1518,f_wzpljras_prec0n,0,1558748027
1519,f_wzpljras_prec1n,0,1558748027
1520,f_wzpljras_prec3n,0,1558748027
1521,f_wzpljras_prec6n,0,1558748027
1522,f_wzpljafas_prec0p,0,1558748027
1523,f_wzpljafas_prec1p,0,1558748027
1524,f_wzpljafas_prec3p,0,1558748027
1525,f_wzpljafas_prec6p,0,1558748027
1526,f_wzpljafas_prec0n,0,1558748027
1527,f_wzpljafas_prec1n,0,1558748027
1528,f_wzpljafas_prec3n,0,1558748027
1529,f_wzpljafas_prec6n,0,1558748027
1530,f_wsp_prec0p,0,1558748027
1531,f_wsp_prec1p,1558748027,0
1532,f_wsp_prec3p,0,1558748027
1533,f_wsp_prec6p,0,1558748027
1534,f_wsp_prec0n,0,1558748027
1535,f_wsp_prec1n,0,1558748027
1536,f_wsp_prec3n,0,1558748027
1537,f_wsp_prec6n,0,1558748027
1538,f_wzpsp_prec0p,0,1558748027
1539,f_wzpsp_prec1p,0,1558748027
1540,f_wzpsp_prec3p,0,1558748027
1541,f_wzpsp_prec6p,0,1558748027
1542,f_wzpsp_prec0n,0,1558748027
1543,f_wzpsp_prec1n,0,1558748027
1544,f_wzpsp_prec3n,0,1558748027
1545,f_wzpsp_prec6n,0,1558748027
1546,f_wljsp_prec0p,0,1558748027
1547,f_wljsp_prec1p,0,1558748027
1548,f_wljsp_prec3p,0,1558748027
1549,f_wljsp_prec6p,0,1558748027
1550,f_wljsp_prec0n,0,1558748027
1551,f_wljsp_prec1n,0,1558748027
1552,f_wljsp_prec3n,0,1558748027
1553,f_wljsp_prec6n,0,1558748027
1554,f_wzpljsp_prec0p,0,1558748027
1555,f_wzpljsp_prec1p,0,1558748027
1556,f_wzpljsp_prec3p,0,1558748027
1557,f_wzpljsp_prec6p,0,1558748027
1558,f_wzpljsp_prec0n,0,1558748027
1559,f_wzpljsp_prec1n,0,1558748027
1560,f_wzpljsp_prec3n,0,1558748027
1561,f_wzpljsp_prec6n,0,1558748027
1562,f_wzpljrsp_prec0p,0,1558748027
1563,f_wzpljrsp_prec1p,0,1558748027
1564,f_wzpljrsp_prec3p,0,1558748027
1565,f_wzpljrsp_prec6p,0,1558748027
1566,f_wzpljrsp_prec0n,0,1558748027
1567,f_wzpljrsp_prec1n,0,1558748027
1568,f_wzpljrsp_prec3n,0,1558748027
1569,f_wzpljrsp_prec6n,0,1558748027
1570,f_wzpljafsp_prec0p,0,1558748027
1571,f_wzpljafsp_prec1p,0,1558748027
1572,f_wzpljafsp_prec3p,0,1558748027
1573,f_wzpljafsp_prec6p,0,1558748027
1574,f_wzpljafsp_prec0n,0,1558748027
1575,f_wzpljafsp_prec1n,0,1558748027
1576,f_wzpljafsp_prec3n,0,1558748027
1577,f_wzpljafsp_prec6n,0,1558748027
1578,f_assp_prec0p,0,1558748027
1579,f_assp_prec1p,0,1558748027
1580,f_assp_prec3p,0,1558748027
1581,f_assp_prec6p,0,1558748027
1582,f_assp_prec0n,0,1558748027
1583,f_assp_prec1n,0,1558748027
1584,f_assp_prec3n,0,1558748027
1585,f_assp_prec6n,0,1558748027
1586,f_asspr_prec0p,0,1558748027
1587,f_asspr_prec1p,0,1558748027
1588,f_asspr_prec3p,0,1558748027
1589,f_asspr_prec6p,0,1558748027
1590,f_asspr_prec0n,0,1558748027
1591,f_asspr_prec1n,0,1558748027
1592,f_asspr_prec3n,0,1558748027
1593,f_asspr_prec6n,0,1558748027
1602,f_limits_dblmax_prec0,0,1558748027
1603,f_limits_dblmax_prec3,0,1558748027
1604,f_limits_dblmax_precd,0,1558748027
1605,f_limits_dblmax_prec8,0,1558748027
1606,f_stress_limits_dblmax_prec12,0,1558748027
1607,f_stress_limits_dblmax_prec16,0,1558748027
1608,f_stress_limits_dblmax_prec18,0,1558748027
1609,f_limits_ndblmax_prec0,0,1558748027
1610,f_limits_ndblmax_prec3,0,1558748027
1611,f_limits_ndblmax_precd,0,1558748027
1612,f_limits_ndblmax_prec8,0,1558748027
1613,f_stress_limits_ndblmax_prec12,0,1558748027
1614,f_stress_limits_ndblmax_prec16,0,1558748027
1615,f_stress_limits_ndblmax_prec18,0,1558748027
1616,f_limits_dblmin_prec0,0,1558748027
1617,f_limits_dblmin_prec3,0,1558748027
1618,f_limits_dblmin_precd,0,1558748027
1619,f_limits_dblmin_prec8,0,1558748027
1620,f_stress_limits_dblmin_prec12,0,1558748027
1621,f_stress_limits_dblmin_prec16,0,1558748027
1622,f_stress_limits_dblmin_prec18,0,1558748027
1623,f_limits_ndblmin_prec0,0,1558748027
1624,f_limits_ndblmin_prec3,0,1558748027
1625,f_limits_ndblmin_precd,0,1558748027
1626,f_limits_ndblmin_prec8,0,1558748027
1627,f_stress_limits_ndblmin_prec12,0,1558748027
1628,f_stress_limits_ndblmin_prec16,0,1558748027
1629,f_stress_limits_ndblmin_prec18,0,1558748027
1670,f_L_basic_1,1558748027,0
1671,f_L_basic_fltonly,1558748027,0
1672,f_L_basic_whole,1558748027,0
1673,f_L_basic_negative,0,1558748027
1674,f_L_basic_positive_3_3,1558748027,0
1675,f_L_basic_negative_3_3,0,1558748027
1676,f_L_basic_positive_smallfpart,1558748027,0
1677,f_L_basic_positive_allsmall,0,1558748027
1678,f_L_basic_negative_smallfpart,0,1558748027
1679,f_L_basic_negative_allsmall,0,1558748027
1680,f_L_basic_limits_allsmall_pos,0,1558748027
1681,f_L_basic_limits_allsmall_neg,0,1558748027
1682,f_L_basic_limits_smallfpart_pos,0,1558748027
1683,f_L_basic_limits_smallfpart_neg,0,1558748027
1684,f_L_basic_limits_allbig_pos,1558748027,0
1685,f_L_basic_limits_allbig_neg,0,1558748027
1686,f_L_basic_limits_bigfpart_pos,0,1558748027
1687,f_L_basic_limits_bigfpart_neg,0,1558748027
1688,f_L_rndd_pos,1558748027,0
1689,f_L_rndd_neg,0,1558748027
1690,f_L_rndu_pos,0,1558748027
1691,f_L_rndu_neg,0,1558748027
1692,f_L_rndu_multidigit_pos,0,1558748027
1693,f_L_rndu_multidigit_neg,0,1558748027
1694,f_L_rndd_multidigit_pos,1558748027,0
1695,f_L_rndd_multidigit_neg,0,1558748027
1696,f_L_rndd_wholnobump_pos,1558748027,0
1697,f_L_rndd_wholnobump_neg,0,1558748027
1698,f_L_rndu_bumpwhole_pos,0,1558748027
1699,f_L_rndu_bumpwhole_neg,0,1558748027
1700,f_L_prec7_1,1558748027,0
1701,f_L_prec7_fltonly,1558748027,0
1702,f_L_prec7_whole,1558748027,0
1703,f_L_prec7_negative,0,1558748027
1704,f_L_prec7_positive_3_3,0,1558748027
1705,f_L_prec7_negative_3_3,0,1558748027
1706,f_L_prec7_positive_smallfpart,1558748027,0
1707,f_L_prec7_positive_allsmall,0,1558748027
1708,f_L_prec7_negative_smallfpart,0,1558748027
1709,f_L_prec7_negative_allsmall,0,1558748027
1710,f_L_prec7_limits_allsmall_pos,0,1558748027
1711,f_L_prec7_limits_allsmall_neg,0,1558748027
1712,f_L_prec7_limits_smallfpart_pos,0,1558748027
1713,f_L_prec7_limits_smallfpart_neg,0,1558748027
1714,f_L_prec7_limits_allbig_pos,0,1558748027
1715,f_L_prec7_limits_allbig_neg,0,1558748027
1716,f_L_prec7_limits_bigfpart_pos,0,1558748027
1717,f_L_prec7_limits_bigfpart_neg,0,1558748027
1718,f_L_rnd_prec7_rndd_pos,1558748027,0
1719,f_L_rnd_prec7_rndd_neg,0,1558748027
1720,f_L_rnd_prec7_rndu_pos,0,1558748027
1721,f_L_rnd_prec7_rndu_neg,0,1558748027
1722,f_L_rnd_prec7_rndu_multidigit_pos,1558748027,0
1723,f_L_rnd_prec7_rndu_multidigit_neg,0,1558748027
1724,f_L_rnd_prec7_rndd_multidigit_pos,1558748027,0
1725,f_L_rnd_prec7_rndd_multidigit_neg,0,1558748027
1726,f_L_rnd_prec7_rndd_wholnobump_pos,0,1558748027
1727,f_L_rnd_prec7_rndd_wholnobump_neg,0,1558748027
1728,f_L_rnd_prec7_rndu_bumpwhole_pos,1558748027,0
1729,f_L_prec8_1,1558748027,0
1730,f_L_prec8_fltonly,1558748027,0
1731,f_L_prec8_whole,1558748027,0
1732,f_L_prec8_negative,0,1558748027
1733,f_L_prec8_positive_3_3,0,1558748027
1734,f_L_prec8_negative_3_3,0,1558748027
1735,f_L_prec8_positive_smallfpart,0,1558748027
1736,f_L_prec8_positive_allsmall,0,1558748027
1737,f_L_prec8_negative_smallfpart,0,1558748027
1738,f_L_prec8_negative_allsmall,0,1558748027
1739,f_L_prec8_limits_allsmall_pos,0,1558748027
1740,f_L_prec8_limits_allsmall_neg,0,1558748027
1741,f_L_prec8_limits_smallfpart_pos,0,1558748027
1742,f_L_prec8_limits_smallfpart_neg,0,1558748027
1743,f_L_prec8_limits_allbig_pos,0,1558748027
1744,f_L_prec8_limits_allbig_neg,0,1558748027
1745,f_L_prec8_limits_bigfpart_pos,0,1558748027
1746,f_L_prec8_limits_bigfpart_neg,0,1558748027
1747,f_L_rnd_prec8_rndd_pos,0,1558748027
1748,f_L_rnd_prec8_rndd_neg,0,1558748027
1749,f_L_rnd_prec8_rndu_pos,0,1558748027
1750,f_L_rnd_prec8_rndu_neg,0,1558748027
1751,f_L_rnd_prec8_rndu_multidigit_pos,0,1558748027
1752,f_L_rnd_prec8_rndu_multidigit_neg,0,1558748027
1753,f_L_rnd_prec8_rndd_multidigit_pos,0,1558748027
1754,f_L_rnd_prec8_rndd_multidigit_neg,0,1558748027
1755,f_L_rnd_prec8_rndd_wholnobump_pos,1558748027,0
1756,f_L_rnd_prec8_rndd_wholnobump_neg,0,1558748027
1757,f_L_rnd_prec8_rndu_bumpwhole_pos,1558748027,0
1758,f_L_prec9_1,1558748027,0
1759,f_L_prec9_fltonly,0,1558748027
1760,f_L_prec9_whole,1558748027,0
1761,f_L_prec9_negative,0,1558748027
1762,f_L_prec9_positive_3_3,0,1558748027
1763,f_L_prec9_negative_3_3,0,1558748027
1764,f_L_prec9_positive_smallfpart,0,1558748027
1765,f_L_prec9_positive_allsmall,0,1558748027
1766,f_L_prec9_negative_smallfpart,0,1558748027
1767,f_L_prec9_negative_allsmall,0,1558748027
1768,f_L_prec9_limits_allsmall_pos,0,1558748027
1769,f_L_prec9_limits_allsmall_neg,0,1558748027
1770,f_L_prec9_limits_smallfpart_pos,0,1558748027
1771,f_L_prec9_limits_smallfpart_neg,0,1558748027
1772,f_L_prec9_limits_allbig_pos,0,1558748027
1773,f_L_prec9_limits_allbig_neg,0,1558748027
1774,f_L_prec9_limits_bigfpart_pos,0,1558748027
1775,f_L_prec9_limits_bigfpart_neg,0,1558748027
1776,f_L_rnd_prec9_rndd_pos,0,1558748027
1777,f_L_rnd_prec9_rndd_neg,0,1558748027
1778,f_L_rnd_prec9_rndu_pos,0,1558748027
1779,f_L_rnd_prec9_rndu_neg,0,1558748027
1780,f_L_rnd_prec9_rndu_multidigit_pos,0,1558748027
1781,f_L_rnd_prec9_rndu_multidigit_neg,0,1558748027
1782,f_L_rnd_prec9_rndd_multidigit_pos,0,1558748027
1783,f_L_rnd_prec9_rndd_multidigit_neg,0,1558748027
1784,f_L_rnd_prec9_rndd_wholnobump_pos,0,1558748027
1785,f_L_rnd_prec9_rndd_wholnobump_neg,0,1558748027
1786,f_L_rnd_prec9_rndu_bumpwhole_pos,0,1558748027
1787,f_L_stress_prec10_1,0,1558748027
1788,f_L_stress_prec10_fltonly,0,1558748027
1789,f_L_stress_prec10_whole,0,1558748027
1790,f_L_stress_prec10_negative,0,1558748027
1791,f_L_stress_prec10_positive_3_10,0,1558748027
1792,f_L_stress_prec10_negative_3_10,0,1558748027
1793,f_L_stress_prec10_pos,0,1558748027
1794,f_L_stress_prec10_neg,0,1558748027
1795,f_L_stress_prec10_rndd_pos,0,1558748027
1796,f_L_stress_prec10_rndd_neg,0,1558748027
1797,f_L_stress_prec10_rndu_pos,0,1558748027
1798,f_L_stress_prec10_rndu_neg,0,1558748027
1799,f_L_stress_prec10_positive_smallfpart,0,1558748027
1800,f_L_stress_prec10_positive_allsmall,0,1558748027
1801,f_L_stress_prec10_negative_smallfpart,0,1558748027
1802,f_L_stress_prec10_negative_allsmall,0,1558748027
1803,f_L_stress_prec10_limits_allsmall_pos,0,1558748027
1804,f_L_stress_prec10_limits_allsmall_neg,0,1558748027
1805,f_L_stress_prec10_limits_smallfpart_pos,0,1558748027
1806,f_L_stress_prec10_limits_smallfpart_neg,0,1558748027
1807,f_L_stress_prec10_limits_allbig_pos,0,1558748027
1808,f_L_stress_prec10_limits_allbig_neg,0,1558748027
1809,f_L_stress_prec10_limits_bigfpart_pos,0,1558748027
1810,f_L_stress_prec10_limits_bigfpart_neg,0,1558748027
1811,f_L_stress_prec12_rndu,0,1558748027
1812,f_L_stress_prec12_rndd,0,1558748027
1813,f_L_stress_prec12_limits_tiny,0,1558748027
1814,f_L_stress_prec12_limits_big,0,1558748027
1815,f_L_stress_prec14_rndu,0,1558748027
1816,f_L_stress_prec14_rndd,0,1558748027
1817,f_L_stress_prec14_limits_tiny,0,1558748027
1818,f_L_stress_prec14_limits_big,0,1558748027
1819,f_L_stress_prec16_rndu,0,1558748027
1820,f_L_stress_prec16_rndd,0,1558748027
1821,f_L_stress_prec16_limits_tiny,0,1558748027
1822,f_L_stress_prec16_limits_big,0,1558748027
1823,f_L_stress_prec17_rndu,0,1558748027
1824,f_L_stress_prec17_rndd,0,1558748027
1825,f_L_stress_prec17_limits_tiny,0,1558748027
1826,f_L_stress_prec17_limits_big,0,1558748027
1827,f_L_stress_prec18_rndu,0,1558748027
1828,f_L_stress_prec18_rndd,0,1558748027
1829,f_L_stress_prec18_limits_tiny,0,1558748027
1830,f_L_stress_prec18_limits_big,0,1558748027
1831,f_L_stress_prec19_rndu,0,1558748027
1832,f_L_stress_prec19_rndd,0,1558748027
1833,f_L_stress_prec19_limits_tiny,0,1558748027
1834,f_L_stress_prec19_limits_big,0,1558748027
1835,f_L_stress_prec20_rndu,0,1558748027
1836,f_L_stress_prec20_rndd,0,1558748027
1837,f_L_stress_prec20_limits_tiny,0,1558748027
1838,f_L_stress_prec20_limits_big,0,1558748027
1887,f_L_limits_dblmax_prec0,0,1558748027
1888,f_L_limits_dblmax_prec3,0,1558748027
1889,f_L_limits_dblmax_precd,0,1558748027
1890,f_L_limits_dblmax_prec8,0,1558748027
1891,f_L_stress_limits_dblmax_prec12,0,1558748027
1892,f_L_stress_limits_dblmax_prec16,0,1558748027
1893,f_L_stress_limits_dblmax_prec18,0,1558748027
1894,f_L_limits_ndblmax_prec0,0,1558748027
1895,f_L_limits_ndblmax_prec3,0,1558748027
1896,f_L_limits_ndblmax_precd,0,1558748027
1897,f_L_limits_ndblmax_prec8,0,1558748027
1898,f_L_stress_limits_ndblmax_prec12,0,1558748027
1899,f_L_stress_limits_ndblmax_prec16,0,1558748027
1900,f_L_stress_limits_ndblmax_prec18,0,1558748027
1901,f_L_limits_dblmin_prec0,0,1558748027
1902,f_L_limits_dblmin_prec3,0,1558748027
1903,f_L_limits_dblmin_precd,0,1558748027
1904,f_L_limits_dblmin_prec8,0,1558748027
1905,f_L_stress_limits_dblmin_prec12,0,1558748027
1906,f_L_stress_limits_dblmin_prec16,0,1558748027
1907,f_L_stress_limits_dblmin_prec18,0,1558748027
1908,f_L_limits_ndblmin_prec0,0,1558748027
1909,f_L_limits_ndblmin_prec3,0,1558748027
1910,f_L_limits_ndblmin_precd,0,1558748027
1911,f_L_limits_ndblmin_prec8,0,1558748027
1912,f_L_stress_limits_ndblmin_prec12,0,1558748027
1913,f_L_stress_limits_ndblmin_prec16,0,1558748027
1914,f_L_stress_limits_ndblmin_prec18,0,1558748027
1924,mix_test_0,0,1558748027
1925,mix_test_1,0,1558748027
1926,mix_test_2,0,1558748027
1927,mix_test_3,0,1558748027
1928,mix_test_4,0,1558748027
1929,mix_test_5,0,1558748027
1930,mix_test_6,0,1558748027
1931,mix_test_7,0,1558748027
1932,mix_test_8,0,1558748027
1933,mix_test_9,0,1558748027
1934,mix_test_10,0,1558748027
1935,mix_test_11,0,1558748027
1936,mix_test_12,0,1558748027
1937,mix_test_13,0,1558748027
1938,mix_test_14,0,1558748027
1939,mix_test_15,0,1558748027
1940,mix_test_16,0,1558748027
1941,mix_test_17,0,1558748027
1942,mix_test_18,0,1558748027
1943,mix_test_19,0,1558748027
1944,mix_test_20,0,1558748027
1945,mix_test_21,0,1558748027
1946,mix_test_22,0,1558748027
1947,mix_test_23,0,1558748027
1948,mix_test_24,0,1558748027
1949,mix_test_25,0,1558748027
1950,mix_test_26,0,1558748027
1951,mix_test_27,0,1558748027
1952,mix_test_28,0,1558748027
1953,mix_test_29,0,1558748027
1954,mix_test_30,0,1558748027
1955,mix_test_31,0,1558748027
1956,mix_test_32,0,1558748027
1957,mix_test_33,0,1558748027
1958,mix_test_34,0,1558748027
1959,mix_test_35,0,1558748027
1960,mix_test_36,0,1558748027
1961,mix_test_37,0,1558748027
1962,mix_test_38,0,1558748027
1963,mix_test_39,0,1558748027
1964,mix_test_40,0,1558748027
1965,mix_test_41,0,1558748027
1966,mix_test_42,0,1558748027
1967,mix_test_43,0,1558748027
1968,mix_test_44,0,1558748027
1969,mix_test_45,0,1558748027
1970,mix_test_46,0,1558748027
1971,mix_test_47,0,1558748027
1972,mix_test_48,0,1558748027
1973,mix_test_49,0,1558748027
1974,mix_test_50,0,1558748027
1975,mix_test_51,0,1558748027
1976,mix_test_52,0,1558748027
1977,mix_test_53,0,1558748027
1978,mix_test_54,0,1558748027
1979,mix_test_55,0,1558748027
1980,mix_test_56,0,1558748027
1981,mix_test_57,0,1558748027
1982,mix_test_58,0,1558748027
1983,mix_test_59,0,1558748027
1984,mix_test_60,0,1558748027
1985,mix_test_61,0,1558748027
1986,mix_test_62,0,1558748027
1987,mix_test_63,0,1558748027
1988,mix_test_64,0,1558748027
1989,mix_test_65,0,1558748027
1990,mix_test_66,0,1558748027
1991,mix_test_67,0,1558748027
1992,mix_test_68,0,1558748027
1993,mix_test_69,0,1558748027
1994,mix_test_70,0,1558748027
1995,mix_test_71,0,1558748027
1996,mix_test_72,0,1558748027
1997,mix_test_73,0,1558748027
1998,mix_test_74,0,1558748027
1999,mix_test_75,1558748027,0
2000,mix_test_76,0,1558748027
2001,mix_test_77,0,1558748027
2002,mix_test_78,0,1558748027
2003,mix_test_79,0,1558748027
2004,mix_test_80,0,1558748027
2005,mix_test_81,0,1558748027
2006,mix_test_82,0,1558748027
2007,mix_test_83,0,1558748027
2008,mix_test_84,0,1558748027
2009,mix_test_85,0,1558748027
2010,mix_test_86,0,1558748027
2011,mix_test_87,0,1558748027
2012,mix_test_88,0,1558748027
2013,mix_test_89,0,1558748027
2014,mix_test_90,0,1558748027
2015,mix_test_91,0,1558748027
2016,mix_test_92,0,1558748027
2017,mix_test_93,0,1558748027
2018,mix_test_94,0,1558748027
2019,mix_test_95,0,1558748027
2020,mix_test_96,0,1558748027
2021,mix_test_97,0,1558748027
2022,mix_test_98,0,1558748027
2023,mix_test_99,0,1558748027
2024,mix_test_100,0,1558748027
2025,mix_test_101,0,1558748027
2026,mix_test_102,0,1558748027
2027,mix_test_103,0,1558748027
2028,mix_test_104,0,1558748027
2029,mix_test_105,0,1558748027
2030,mix_test_106,0,1558748027
2031,mix_test_107,0,1558748027
2032,mix_test_108,0,1558748027
2033,mix_test_109,0,1558748027
2034,mix_test_110,0,1558748027
2035,mix_test_111,0,1558748027
2036,mix_test_112,0,1558748027
2037,mix_test_113,0,1558748027
2038,mix_test_114,0,1558748027
2039,mix_test_115,0,1558748027
2040,mix_test_116,0,1558748027
2041,mix_test_117,0,1558748027
2042,mix_test_118,0,1558748027
2043,mix_test_119,0,1558748027
2044,mix_test_120,0,1558748027
2045,mix_test_121,0,1558748027
2046,mix_test_122,0,1558748027
2047,mix_test_123,0,1558748027
2048,mix_test_124,0,1558748027
2049,mix_test_125,0,1558748027
2050,mix_test_126,0,1558748027
2051,mix_test_127,0,1558748027
2052,mix_test_128,0,1558748027
2053,mix_test_129,0,1558748027
2054,mix_test_130,0,1558748027
2055,mix_test_131,0,1558748027
2056,mix_test_132,0,1558748027
2057,mix_test_133,0,1558748027
2058,mix_test_134,0,1558748027
2059,mix_test_135,0,1558748027
2060,mix_test_136,0,1558748027
2061,mix_test_137,0,1558748027
2062,mix_test_138,0,1558748027
2063,mix_test_139,0,1558748027
2064,mix_test_140,0,1558748027
2065,mix_test_141,0,1558748027
2066,mix_test_142,0,1558748027
2067,mix_test_143,0,1558748027
2068,mix_test_144,0,1558748027
2069,mix_test_145,0,1558748027
2070,mix_test_146,0,1558748027
2071,mix_test_147,0,1558748027
2072,mix_test_148,0,1558748027
2073,mix_test_149,0,1558748027
2074,mix_test_150,0,1558748027
2075,mix_test_151,0,1558748027
2076,mix_test_152,0,1558748027
2077,mix_test_153,0,1558748027
2078,mix_test_154,0,1558748027
2079,mix_test_155,0,1558748027
2080,mix_test_156,0,1558748027
2081,mix_test_157,0,1558748027
2082,mix_test_158,0,1558748027
2083,mix_test_159,0,1558748027
2084,mix_test_160,0,1558748027
2085,mix_test_161,0,1558748027
2086,mix_test_162,0,1558748027
2087,mix_test_163,0,1558748027
2088,mix_test_164,0,1558748027
2089,mix_test_165,0,1558748027
2090,mix_test_166,0,1558748027
2091,mix_test_167,0,1558748027
2092,mix_test_168,0,1558748027
2093,mix_test_169,0,1558748027
2094,mix_test_170,0,1558748027
2095,mix_test_171,0,1558748027
2096,mix_test_172,0,1558748027
2097,mix_test_173,0,1558748027
2098,mix_test_174,0,1558748027
2099,mix_test_175,0,1558748027
2100,mix_test_176,0,1558748027
2101,mix_test_177,0,1558748027
2102,mix_test_178,0,1558748027
2103,mix_test_179,0,1558748027
2104,mix_test_180,0,1558748027
2105,mix_test_181,0,1558748027
2106,mix_test_182,0,1558748027
2107,mix_test_183,0,1558748027
2108,mix_test_184,0,1558748027
2109,mix_test_185,0,1558748027
2110,mix_test_186,0,1558748027
2111,mix_test_187,0,1558748027
2112,mix_test_188,0,1558748027
2113,mix_test_189,0,1558748027
2114,mix_test_190,0,1558748027
2115,mix_test_191,0,1558748027
2116,mix_test_192,0,1558748027
2117,mix_test_193,0,1558748027
2118,mix_test_194,0,1558748027
2119,mix_test_195,0,1558748027
2120,mix_test_196,0,1558748027
2121,mix_test_197,0,1558748027
2122,mix_test_198,0,1558748027
2123,mix_test_199,0,1558748027
2124,mix_test_extra_1,0,1558748027
2125,mix_test_extra_2,0,1558748027
2126,mix_test_extra_3,0,1558748027
2127,mix_test_extra_4,0,1558748027
2128,mix_test_extra_5,0,1558748027
2129,mix_test_extra_6,0,1558748027
2130,mix_test_extra_7,0,1558748027
2131,mix_test_extra_8,0,1558748027
2132,mix_test_extra_9,0,1558748027
2133,mix_test_extra_10,0,1558748027
2134,mix_successive_0,0,1558748027
2135,mix_successive_1,0,1558748027
2136,mix_successive_2,0,1558748027
2137,mix_successive_3,0,1558748027
2138,mix_successive_4,0,1558748027
2139,mix_successive_5,0,1558748027
2140,mix_successive_6,1558748027,0
2141,mix_successive_7,1558748027,0
2142,mix_successive_8,0,1558748027
2143,mix_successive_9,0,1558748027
2144,mix_successive_10,0,1558748027
2145,mix_successive_11,0,1558748027
2146,mix_successive_12,0,1558748027
2147,mix_successive_13,0,1558748027
2148,mix_successive_14,0,1558748027
2149,mix_successive_15,0,1558748027
2150,mix_successive_16,0,1558748027
2151,mix_successive_17,1558748027,0
2152,mix_successive_18,0,1558748027
2153,mix_successive_19,0,1558748027
2154,mix_successive_20,1558748027,0
2155,mix_successive_21,0,1558748027
2156,mix_successive_22,1558748027,0
2157,mix_successive_23,0,1558748027
2158,mix_successive_24,1558748027,0
2159,mix_successive_25,0,1558748027
2160,mix_successive_26,1558748027,0
2161,mix_successive_27,0,1558748027
2162,mix_successive_28,0,1558748027
2163,mix_successive_29,0,1558748027
2164,mix_successive_30,0,1558748027
2165,mix_successive_31,0,1558748027
2166,mix_successive_32,0,1558748027
2167,mix_successive_33,0,1558748027
2168,mix_successive_34,0,1558748027
2169,mix_successive_35,0,1558748027
2170,mix_successive_36,0,1558748027
2171,mix_successive_37,1558748027,0
2172,mix_successive_38,0,1558748027
2173,mix_successive_39,1558748027,0
2174,mix_successive_40,0,1558748027
2175,mix_successive_41,0,1558748027
2176,mix_successive_42,0,1558748027
2177,mix_successive_43,0,1558748027
2178,mix_successive_44,0,1558748027
2179,mix_successive_45,1558748027,0
2180,mix_successive_46,1558748027,0
2181,mix_successive_47,0,1558748027
2182,mix_successive_48,0,1558748027
2183,mix_successive_49,1558748027,0
2184,mix_successive_50,0,1558748027
2185,mix_successive_51,1558748027,0
2186,mix_successive_52,1558748027,0
2187,mix_successive_53,0,1558748027
2188,mix_successive_54,1558748027,0
2189,mix_successive_55,1558748027,0
2190,mix_successive_56,1558748027,0
2191,mix_successive_57,0,1558748027
2192,mix_successive_58,0,1558748027
2193,mix_successive_59,1558748027,0
2194,mix_successive_60,1558748027,0
2195,mix_successive_61,1558748027,0
2196,mix_successive_62,0,1558748027
2197,mix_successive_63,0,1558748027
2198,mix_successive_64,1558748027,0
2199,mix_successive_65,1558748027,0
2200,mix_successive_66,0,1558748027
2201,mix_successive_67,0,1558748027
2202,mix_successive_68,1558748027,0
2203,mix_successive_69,0,1558748027
2204,mix_successive_70,0,1558748027
2289,moul_s_1,1558748027,0
2290,moul_s_2,1558748027,0
2291,moul_s_3,1558748027,0
2292,moul_s_4,1558748027,0
2293,moul_s_5_this_ones_a_doozy,1558748027,0
2294,moul_d_1,1558748027,0
2295,moul_d_2,1558748027,0
2296,moul_d_3,1558748027,0
2297,moul_d_4,1558748027,0
2298,moul_d_5,1558748027,0
2299,moul_d_6,1558748027,0
2300,moul_d_7,1558748027,0
2301,moul_d_8,1558748027,0
2302,moul_d_9,1558748027,0
2303,moul_d_10,0,1558748027
2304,moul_d_11,0,1558748027
2305,moul_d_12,0,1558748027
2306,moul_mix_1,0,1558748027
2307,moul_c_1,1558748027,0
2308,moul_c_2,1558748027,0
2309,moul_c_3,1558748027,0
2310,moul_c_4,1558748027,0
2311,moul_c_5,1558748027,0
2312,moul_c_5b,1558748027,0
2313,moul_c_6,1558748027,0
2314,moul_c_7,1558748027,0
2315,moul_c_8,1558748027,0
2316,moul_c_9,1558748027,0
2317,moul_c_10,1558748027,0
2318,moul_c_11,1558748027,0
2319,moul_c_12,1558748027,0
2320,moul_c_13,1558748027,0
2321,moul_c_14,1558748027,0
2322,moul_c_15,1558748027,0
2323,moul_c_16,1558748027,0
2324,moul_c_17,1558748027,0
2325,moul_c_18,1558748027,0
2326,moul_c_19,1558748027,0
2327,moul_c_20,1558748027,0
2328,moul_c_21,1558748027,0
2329,moul_c_22,1558748027,0
2330,moul_c_23,1558748027,0
2331,moul_c_24,1558748027,0
2332,moul_c_25,1558748027,0
2333,moul_c_26,1558748027,0
2334,moul_c_27,1558748027,0
2335,moul_c_28,1558748027,0
2336,moul_ld_1,1558748027,0
2337,moul_ld_2,1558748027,0
2338,moul_ld_3,1558748027,0
2339,moul_ld_4,1558748027,0
2340,moul_ld_5,1558748027,0
2341,moul_ld_6,1558748027,0
2342,moul_ld_7,1558748027,0
2343,moul_ld_8,1558748027,0
2344,moul_ld_9,1558748027,0
2345,moul_ld_10,0,1558748027
2346,moul_ld_11,0,1558748027
2347,moul_ld_12,0,1558748027
2360,moul_i_1,1558748027,0
2361,moul_i_2,1558748027,0
2362,moul_i_3,1558748027,0
2363,moul_i_4,1558748027,0
2364,moul_i_5,1558748027,0
2365,moul_i_6,1558748027,0
2366,moul_i_7,1558748027,0
2367,moul_i_8,1558748027,0
2368,moul_i_9,1558748027,0
2369,moul_i_10,0,1558748027
2370,moul_i_11,0,1558748027
2371,moul_i_12,0,1558748027
2372,moul_f_1,1558748027,0
2373,moul_f_2,1558748027,0
2374,moul_f_3,0,1558748027
2375,moul_f_4,0,1558748027
2376,moul_f_5,0,1558748027
2377,moul_f_6,0,1558748027
2378,moul_f_7,0,1558748027
2379,moul_f_7b,0,1558748027
2380,moul_f_8,0,1558748027
2381,moul_f_9,0,1558748027
2382,moul_f_10,0,1558748027
2383,moul_f_11,0,1558748027
2384,moul_f_12,0,1558748027
2399,moul_o_1,0,1558748027
2400,moul_o_2,0,1558748027
2401,moul_o_3,0,1558748027
2402,moul_o_4,0,1558748027
2403,moul_o_5,0,1558748027
2404,moul_o_6,0,1558748027
2405,moul_o_7,0,1558748027
2406,moul_o_8,0,1558748027
2407,moul_o_9,0,1558748027
2408,moul_o_10,0,1558748027
2409,moul_o_11,0,1558748027
2410,moul_o_12,0,1558748027
2411,moul_u_1,0,1558748027
2412,moul_u_2,0,1558748027
2413,moul_u_3,0,1558748027
2414,moul_u_4,0,1558748027
2415,moul_u_5,0,1558748027
2416,moul_u_6,0,1558748027
2417,moul_u_7,0,1558748027
2418,moul_u_8,0,1558748027
2419,moul_u_9,0,1558748027
2420,moul_u_10,0,1558748027
2421,moul_u_11,0,1558748027
2422,moul_u_12,0,1558748027
2423,moul_x_1,0,1558748027
2424,moul_x_2,0,1558748027
2425,moul_x_3,0,1558748027
2426,moul_x_4,0,1558748027
2427,moul_x_5,0,1558748027
2428,moul_x_6,0,1558748027
2429,moul_x_7,0,1558748027
2430,moul_x_8,0,1558748027
2431,moul_x_9,0,1558748027
2432,moul_x_10,0,1558748027
2433,moul_x_11,0,1558748027
2434,moul_x_12,0,1558748027
2435,moul_hash_1,0,1558748027
2436,moul_hash_2,0,1558748027
2437,moul_hash_3,0,1558748027
2438,moul_hash_4,0,1558748027
2439,moul_hash_5,0,1558748027
2440,moul_hash_6,0,1558748027
2441,moul_hash_7,0,1558748027
2442,moul_hash_8,0,1558748027
2443,moul_hash_9,0,1558748027
2444,moul_hash_10,0,1558748027
2445,moul_hash_11,0,1558748027
2446,moul_hash_12,0,1558748027
2447,moul_prec_1,0,1558748027
2448,moul_prec_2,0,1558748027
2449,moul_prec_3,0,1558748027
2450,moul_prec_4,0,1558748027
2451,moul_prec_5,0,1558748027
2452,moul_zeropad_1,0,1558748027
2453,moul_zeropad_2,0,1558748027
2454,moul_zeropad_3,0,1558748027
2455,moul_zeropad_4,0,1558748027
2456,moul_leftjusty_1,0,1558748027
2457,moul_leftjusty_2,0,1558748027
2458,moul_leftjusty_3,0,1558748027
2459,moul_leftjusty_4,0,1558748027
2460,moul_leftjusty_5,0,1558748027
2461,moul_leftjusty_6,1558748027,0
2462,moul_leftjusty_7,0,1558748027
2463,moul_allsign_1,0,1558748027
2464,moul_allsign_2,0,1558748027
2465,moul_allsign_3,0,1558748027
2466,moul_allsign_4,0,1558748027
2467,moul_spacepad_1,0,1558748027
2468,moul_spacepad_2,0,1558748027
2469,moul_spacepad_3,0,1558748027
